PollingPlaceNm,GreensVotes,TotalVotes,GreensPercentage,DivisionNm,LegCo,LocalCouncil,PremisesAddress,PremisesNm,Latitude,Longitude
Beaconsfield,95,923,10.3,Bass,Rosevears,West Tamar,"92 Weld St, BEACONSFIELD 7270",Beaconsfield Community Centre,-41.202993,146.818608
Beauty Point,49,551,8.9,Bass,Rosevears,West Tamar,"Beatty St, BEAUTY POINT 7270",Beauty Point Uniting Church Hall,-41.148983,146.817506
Branxholm,19,198,9.6,Bass,McIntyre,Dorset,"Stoke St, BRANXHOLM 7261",Branxholm Community Hall,-41.165606,147.73648
Bridport,67,970,6.9,Bass,McIntyre,Dorset,"Main St, BRIDPORT 7262",Bridport Hall,-41.0026,147.395
Derby,30,105,28.6,Bass,McIntyre,Dorset,"1 Krushka St, DERBY 7264",Derby Town Hall,-41.14933,147.80236
Dilston,98,603,16.3,Bass,Windermere,Launceston City,"308 John Lees Dr, DILSTON 7252",Dilston War Memorial Hall,-41.3368,147.082
East Launceston,372,1489,25.0,Bass,Launceston,Launceston City,"18 Mary St, EAST LAUNCESTON 7250",East Launceston Primary School,-41.44144,147.151372
Exeter,152,1125,13.5,Bass,Rosevears,West Tamar,"28 Glen Ard Mohr Rd, EXETER 7275",Exeter High School Gymnasium,-41.2996,146.957
George Town,115,1427,8.1,Bass,Windermere,George Town,"29-67 Macquarie St, GEORGE TOWN 7253",George Town Memorial Hall,-41.106907,146.821868
George Town South,80,1047,7.6,Bass,Windermere,George Town,"Franklin St, GEORGE TOWN 7253",South George Town Primary School,-41.1124,146.833
Gladstone,10,150,6.7,Bass,McIntyre,Dorset,"1 Carr St, GLADSTONE 7264",Gladstone Hall,-40.9601,148.008
Glengarry,41,296,13.9,Bass,Rosevears,West Tamar,"33 Glengarry Rd, GLENGARRY 7275",Glengarry Catholic Church,-41.335033,146.870343
Gravelly Beach,127,605,21.0,Bass,Rosevears,West Tamar,"401 Gravelly Beach Rd, GRAVELLY BEACH 7276",Edinburgh Park Equestrian Centre,-41.2939,146.973
Hillwood,54,396,13.6,Bass,Windermere,George Town,"280 Hillwood Jetty Rd, HILLWOOD 7252",Hillwood Memorial Hall,-41.236252,146.974945
Invermay Central,174,942,18.5,Bass,Windermere,Launceston City,"35-43 Mayne St, INVERMAY 7248",Invermay Primary School,-41.421676,147.131233
Invermay South,216,977,22.1,Bass,Windermere,Launceston City,"2-4 Invermay Rd, INVERMAY 7248",Tramsheds,-41.428417,147.138618
Karoola,25,276,9.1,Bass,Windermere,Launceston City,"1126 Pipers River Rd, KAROOLA 7267",Karoola Hall,-41.2539,147.148
Kelso,53,337,15.7,Bass,Rosevears,West Tamar,"Foreshore Rd, KELSO 7270",Kelso Community Centre,-41.1037,146.794
Kings Meadows,135,927,14.6,Bass,Launceston,Launceston City,"8A Blaydon St, KINGS MEADOWS 7249",YMCA Centre,-41.4677,147.16
Kings Meadows South,53,431,12.3,Bass,Launceston,Launceston City,"93 Guy St, KINGS MEADOWS 7249",Kings Meadows High School,-41.473804,147.159527
Lady Barron,11,121,9.1,Bass,McIntyre,Flinders,"Main St, LADY BARRON 7255",Lady Barron Memorial Hall,-40.211081,148.240354
Launceston,87,318,27.4,Bass,Launceston,Launceston City,"227 York St, LAUNCESTON 7250",Sacred Heart Catholic Primary School,-41.442676,147.132606
Launceston Central,325,1002,32.4,Bass,Launceston,Launceston City,"36 Paterson St, LAUNCESTON 7250",Pilgrim Hall,-41.4366,147.137
Lebrina,24,217,11.1,Bass,Windermere,Launceston City,"905 Golconda Rd, LEBRINA 7254",Lebrina Memorial Hall,-41.1773,147.228
Legana,246,2054,12.0,Bass,Rosevears,West Tamar,"43 Fulton St, LEGANA 7277",Legana Memorial Hall,-41.3632,147.047
Legana Central,32,327,9.8,Bass,Rosevears,West Tamar,"1 Gerrard Cl, LEGANA 7277",Legana Christian Church,-41.370142,147.040425
Lilydale,111,673,16.5,Bass,Windermere,Launceston City,"1949 Main Rd, LILYDALE 7268",Lilydale Memorial Hall,-41.2523,147.216
Mowbray,81,614,13.2,Bass,Windermere,Launceston City,"20-30 Cadorna St, MOWBRAY 7248",Mowbray Heights Primary School,-41.402293,147.132862
Newnham,177,1724,10.3,Bass,Windermere,Launceston City,"128-132 George Town Rd, NEWNHAM 7248",Launceston North Uniting Church,-41.3873,147.128
Newnham South,83,807,10.3,Bass,Windermere,Launceston City,"1B George Town Rd, NEWNHAM 7248",North Launceston Bowls and Community Club,-41.400285,147.128665
Newstead,139,682,20.4,Bass,Launceston,Launceston City,"31-37 Tudor Ave, NEWSTEAD 7250",Newstead Christian School,-41.438159,147.165009
Norwood,238,1804,13.2,Bass,Launceston,Launceston City,"103 Norwood Ave, NORWOOD 7250",Norwood Primary School,-41.4621,147.174
Norwood North,86,561,15.3,Bass,Launceston,Launceston City,"161 Penquite Rd, NORWOOD 7250",Queechy High School,-41.451953,147.176075
Nunamara,37,299,12.4,Bass,Windermere,Launceston City,"39461 Tasman Hwy, NUNAMARA 7259",Nunamara Memorial Hall,-41.394,147.296
Pipers River,18,232,7.8,Bass,Windermere,George Town,"76 School Rd, PIPERS RIVER 7252",Pipers River Fire Station,-41.1006,147.091
Prospect (Bass),46,327,14.1,Bass,Rosevears,Launceston City,"282 Westbury Rd, PROSPECT 7250",St Patrick's College,-41.472,147.126
Prospect East (Bass),17,139,12.2,Bass,Rosevears,Launceston City,"55 Oakden Rd, PROSPECT 7250",Silverdome,-41.475306,147.140172
Ravenswood,103,1323,7.8,Bass,Windermere,Launceston City,"27 Prossers Forest Rd, RAVENSWOOD 7250",Ravenswood Primary School,-41.415955,147.179654
Ringarooma,12,260,4.6,Bass,McIntyre,Dorset,"4 Charles St, RINGAROOMA 7263",Ringarooma Hall,-41.24241,147.73568
Riverside,208,1409,14.8,Bass,Rosevears,West Tamar,"354 West Tamar Hwy, RIVERSIDE 7250",Riverside High School,-41.40936,147.09861
Riverside North,59,481,12.3,Bass,Rosevears,West Tamar,"1 Windsor Dr, RIVERSIDE 7250",Windsor Community Centre,-41.403988,147.09333
Rocherlea,28,269,10.4,Bass,Windermere,Launceston City,"3 Archer St, ROCHERLEA 7248",Life Without Barriers,-41.37452,147.129185
Scottsdale,85,1346,6.3,Bass,McIntyre,Dorset,"20 Coplestone Rd, SCOTTSDALE 7260",Scottsdale High School,-41.157117,147.508674
Sidmouth,57,414,13.8,Bass,Rosevears,West Tamar,"255 Batman Hwy, SIDMOUTH 7270",Sidmouth Community Centre,-41.2221,146.887
South Launceston East,158,886,17.8,Bass,Rosevears,Launceston City,"2-6 Hobart Rd, SOUTH LAUNCESTON 7249",St Marks Hall,-41.459329,147.153912
South Launceston West,151,614,24.6,Bass,Rosevears,Launceston City,"50 Glen Dhu St, SOUTH LAUNCESTON 7249",Launceston Conference Centre,-41.455679,147.14132
St Leonards,85,949,9.0,Bass,Windermere,Launceston City,"330-342 St Leonards Rd, ST LEONARDS 7250",St Leonards Primary School,-41.4597,147.2
Summerhill (Bass),221,1916,11.5,Bass,Rosevears,Launceston City,"82-84 Stanley St, SUMMERHILL 7250",Summerdale Community Centre,-41.4683,147.12971
Trevallyn,186,1326,14.0,Bass,Rosevears,West Tamar,"34 Pitt Ave, TREVALLYN 7250",Trevallyn Life Church,-41.4301,147.106
Trevallyn Central,396,1270,31.2,Bass,Rosevears,West Tamar,"55 Gorge Rd, TREVALLYN 7250",Trevallyn Primary School,-41.4381,147.115
Waverley,81,844,9.6,Bass,Windermere,Launceston City,"6 Naroo St, WAVERLEY 7250",Waverley School Hall,-41.4321,147.19
West Launceston,345,1216,28.4,Bass,Rosevears,Launceston City,"24-38 Basin Rd, WEST LAUNCESTON 7250",West Launceston Primary School,-41.4492,147.129
Weymouth,20,170,11.8,Bass,Windermere,George Town,"18 Major St, WEYMOUTH 7252",Weymouth Hall,-41.0153,147.154
Whitemark,72,338,21.3,Bass,McIntyre,Flinders,"9 Patrick St, WHITEMARK 7255",Flinders Arts & Entertainment Centre (FAEC),-40.122089,148.016963
Winnaleah,22,165,13.3,Bass,McIntyre,Dorset,"20 Main St, WINNALEAH 7265",Winnaleah Memorial Hall,-41.0979,147.824
Youngtown,154,1511,10.2,Bass,Launceston,Launceston City,"Victoria St, YOUNGTOWN 7249",Youngtown Primary School,-41.4823,147.164
Acton,81,1065,7.6,Braddon,Montgomery,Burnie City,"36 Thorne St, ACTON 7320",Burnie Child and Family Centre,-41.07264,145.89229
Boat Harbour,48,354,13.6,Braddon,Murchison,Waratah-Wynyard,"17386 Bass Hwy, BOAT HARBOUR 7321",Boat Harbour Primary School,-40.9452,145.636
Burnie,96,636,15.1,Braddon,Murchison,Burnie City,"6 Jones St, BURNIE 7320",Burnie Senior Citizens Club Association,-41.052325,145.902449
Calder,19,197,9.6,Braddon,Murchison,Waratah-Wynyard,"1320 Calder Rd, CALDER 7325",Calder Hall,-41.0685,145.631
Cooee,72,692,10.4,Braddon,Murchison,Burnie City,"30 Fidler St, COOEE 7320",Cooee Primary School,-41.04076,145.86801
Currie,41,630,6.5,Braddon,Murchison,King Island,"10 George St, CURRIE 7256",Currie Town Hall,-39.9298,143.855
Devonport,62,681,9.1,Braddon,Mersey,Devonport City,"11 Addison St, DEVONPORT 7310",Addison Street Scout Hall,-41.1737,146.344
Devonport Central,122,944,12.9,Braddon,Mersey,Devonport City,"57A Stewart St, DEVONPORT 7310",Devonport Primary School,-41.18004,146.358108
Devonport North,24,158,15.2,Braddon,Mersey,Devonport City,"87-121 Watkinson St, DEVONPORT 7310",Don College,-41.168832,146.33393
Devonport North West,180,1948,9.2,Braddon,Mersey,Devonport City,"60 Nixon St, DEVONPORT 7310",Nixon Street Primary School,-41.1728,146.337
Devonport South,133,1359,9.8,Braddon,Mersey,Devonport City,"41-43 Middle Rd, DEVONPORT 7310",Reece High School,-41.1893,146.349
Devonport West,21,394,5.3,Braddon,Mersey,Devonport City,"3-11 Jiloa Way, DON 7310",Devonport Christian School,-41.181538,146.322415
Don,86,970,8.9,Braddon,Mersey,Devonport City,"17 Forth Rd, DON 7310",Don Memorial Hall,-41.1827,146.318
East Devonport,111,1494,7.4,Braddon,Mersey,Devonport City,"19-21 Thomas St, EAST DEVONPORT 7310",East Devonport Primary School,-41.1779,146.372
Edith Creek,7,162,4.3,Braddon,Murchison,Circular Head,"1282 Trowutta Rd, EDITH CREEK 7330",Edith Creek Primary School,-40.9705,145.092
Elliott,49,379,12.9,Braddon,Murchison,Waratah-Wynyard,"829 Murchison Hwy, ELLIOTT 7325",Elliott Community Centre,-41.0922,145.782
Forest,18,279,6.5,Braddon,Murchison,Circular Head,"422 Mengha Rd, FOREST 7330",Forest Primary School,-40.8486,145.248
Forth,58,489,11.9,Braddon,Montgomery,Central Coast,"45 Wilmot Rd, FORTH 7310",Forth Primary School,-41.192921,146.248975
Gawler,22,470,4.7,Braddon,Montgomery,Central Coast,"15 Top Gawler Rd, GAWLER 7315",Gawler Hall,-41.1852,146.16
Grassy,7,102,6.9,Braddon,Murchison,King Island,"6 Fern Tree Dr, GRASSY 7256",Grassy Fire Station,-40.048254,144.050797
Havenview,35,398,8.8,Braddon,Montgomery,Burnie City,"15 Marriott St, HAVENVIEW 7320",Havenview Primary School,-41.0836,145.911
Heybridge,21,285,7.4,Braddon,Montgomery,Central Coast,"Sice Ave, HEYBRIDGE 7316",Blythe Heads Hall,-41.0751,145.986
Highclere,11,150,7.3,Braddon,Montgomery,Burnie City,"1558 Ridgley Hwy, HIGHCLERE 7321",Highclere Community Centre,-41.1904,145.806
Latrobe,72,1045,6.9,Braddon,Mersey,Latrobe,"170 Gilbert St, LATROBE 7307",Latrobe Memorial Hall,-41.2365,146.415
Latrobe South,74,1227,6.0,Braddon,Mersey,Latrobe,"23 Lewis St, LATROBE 7307",Latrobe Primary School,-41.239619,146.416013
Marrawah,13,159,8.2,Braddon,Murchison,Circular Head,"844 Comeback Rd, MARRAWAH 7330",Marrawah Memorial Hall,-40.9229,144.697
Melrose,27,281,9.6,Braddon,Mersey,Devonport City,"673 Melrose Rd, MELROSE 7310",Melrose Memorial Hall,-41.2417,146.289
Montello,96,835,11.5,Braddon,Murchison,Burnie City,"83 Bird St, MONTELLO 7320",Montello Primary School,-41.0605,145.898
Moorleah,26,203,12.8,Braddon,Murchison,Waratah-Wynyard,"720 Preolenna Rd, MOORLEAH 7321",Moorleah Community Centre,-40.981,145.616
Moriarty,17,144,11.8,Braddon,Mersey,Latrobe,"1 Bonneys La, MORIARTY 7307",Moriarty Hall,-41.217206,146.481308
Natone,13,111,11.7,Braddon,Montgomery,Burnie City,"100 Upper Natone Rd, NATONE 7321",Natone Primary School,-41.1701,145.922
North Motton,18,286,6.3,Braddon,Montgomery,Central Coast,"578 Preston Rd, NORTH MOTTON 7315",North Motton Hall,-41.20637,146.10937
Penguin,183,1263,14.5,Braddon,Montgomery,Central Coast,"105 Ironcliffe Rd, PENGUIN 7316",Penguin District School,-41.127171,146.067557
Port Sorell,118,1172,10.1,Braddon,Mersey,Latrobe,"cnr Meredith St & Darling St, PORT SORELL 7307",Port Sorell Memorial Hall,-41.165409,146.555718
Port Sorell West,96,999,9.6,Braddon,Mersey,Latrobe,"Pitcairn St, PORT SORELL 7307",Port Sorell Primary School,-41.163896,146.547898
Preston,8,122,6.6,Braddon,Montgomery,Central Coast,"1833 Preston Rd, PRESTON 7315",Preston Community Centre,-41.2972,146.062
Queenstown,21,262,8.0,Braddon,Murchison,West Coast,"53 Orr St, QUEENSTOWN 7467",Queenstown Memorial Hall,-42.0802,145.558
Riana,11,121,9.1,Braddon,Montgomery,Central Coast,"1225 Pine Rd, RIANA 7316",Riana Primary School,-41.202283,145.999361
Ridgley,22,510,4.3,Braddon,Montgomery,Burnie City,"904 Ridgley Hwy, RIDGLEY 7321",Ridgley Primary School,-41.1398,145.837
Rocky Cape,18,260,6.9,Braddon,Murchison,Circular Head,"19074 Bass Hwy, ROCKY CAPE 7321",Rocky Cape Public Hall,-40.905,145.487
Romaine,113,1099,10.3,Braddon,Montgomery,Burnie City,"cnr Roslyn Ave & Mount St, ROMAINE 7320",Romaine Park Primary School,-41.076634,145.899584
Rosebery,20,302,6.6,Braddon,Murchison,West Coast,"7 Morrisby St, ROSEBERY 7470",Rosebery District School,-41.781124,145.541541
Sassafras,17,273,6.2,Braddon,Mersey,Latrobe,"50 School Rd, SASSAFRAS 7307",Sassafras Primary School,-41.2871,146.503
Shorewell Park,109,942,11.6,Braddon,Murchison,Burnie City,"41-43 Mooreville Rd, SHOREWELL PARK 7320",Hellyer College,-41.06128,145.88153
Sisters Beach,73,245,29.8,Braddon,Murchison,Waratah-Wynyard,"34 Honeysuckle Ave, SISTERS BEACH 7321",Sisters Beach Fire Station,-40.9181,145.565
Sisters Creek,18,105,17.1,Braddon,Murchison,Waratah-Wynyard,"29 Myalla Rd, SISTERS CREEK 7325",Myalla Community Centre,-40.964904,145.572884
Smithton,62,985,6.3,Braddon,Murchison,Circular Head,"27-43 Grant St, SMITHTON 7330",Smithton Primary School,-40.849445,145.116059
Somerset,99,1306,7.6,Braddon,Murchison,Waratah-Wynyard,"30A Beaufort St, SOMERSET 7322",Somerset Primary School,-41.038182,145.819344
South Riana,20,197,10.2,Braddon,Montgomery,Central Coast,"776 South Riana Rd, SOUTH RIANA 7316",South Riana Hall,-41.2345,145.977
Sprent,13,220,5.9,Braddon,Montgomery,Central Coast,"1245 Castra Rd, SPRENT 7315",Sprent Primary School,-41.2627,146.16
Spreyton,85,1270,6.7,Braddon,Mersey,Devonport City,"1 Mersey Main Rd, SPREYTON 7310",Spreyton Primary School,-41.21207,146.34434
Stanley,53,304,17.4,Braddon,Murchison,Circular Head,"28 Pearse St, STANLEY 7331",Stanley Primary School,-40.7603,145.291
Stowport,22,289,7.6,Braddon,Montgomery,Burnie City,"580 Stowport Rd, STOWPORT 7321",Stowport Public Hall,-41.1124,145.929
Strahan,14,305,4.6,Braddon,Murchison,West Coast,"2 Bay St, STRAHAN 7468",Strahan Primary School,-42.154043,145.320404
Sulphur Creek,93,853,10.9,Braddon,Montgomery,Central Coast,"310 Preservation Dr, SULPHUR CREEK 7316",Sulphur Creek Hall,-41.0935,146.026
Tullah,8,102,7.8,Braddon,Murchison,West Coast,"24 Farrell St, TULLAH 7321",Tullah Community Hall,-41.737568,145.616076
Turners Beach,90,847,10.6,Braddon,Montgomery,Central Coast,"Henry St, TURNERS BEACH 7315",Turners Beach Hall,-41.1589,146.244
Ulverstone Central,91,860,10.6,Braddon,Montgomery,Central Coast,"16 King Edward St, ULVERSTONE 7315",Ulverstone Senior Citizens Club,-41.15507,146.171931
Ulverstone East,51,594,8.6,Braddon,Montgomery,Central Coast,"18 Crawford St, ULVERSTONE 7315",East Ulverstone Primary School,-41.1546,146.192
Ulverstone South,129,1436,9.0,Braddon,Montgomery,Central Coast,"38 Leven St, ULVERSTONE 7315",Ulverstone High School,-41.16201,146.17091
Waratah,7,126,5.6,Braddon,Murchison,Waratah-Wynyard,"12-14 Smith St, WARATAH 7321",Waratah Municipal Chambers,-41.44422,145.5313
Wesley Vale,21,289,7.3,Braddon,Mersey,Latrobe,"20 Westwind Dr, WESLEY VALE 7307",Andrews Creek Primary School,-41.188828,146.456401
West Ulverstone,100,1195,8.4,Braddon,Montgomery,Central Coast,"34 Maud St, WEST ULVERSTONE 7315",West Ulverstone Primary School,-41.1482,146.16
Wivenhoe,32,343,9.3,Braddon,Montgomery,Burnie City,"Stowport Rd, WIVENHOE 7320",Leighland Christian School (Wivenhoe Campus),-41.06904,145.93609
Wynyard Central,139,1248,11.1,Braddon,Murchison,Waratah-Wynyard,"2 Station St, WYNYARD 7325",Wynyard Railway Institute Hall,-40.991817,145.722618
Wynyard West,139,1481,9.4,Braddon,Murchison,Waratah-Wynyard,"30 Church St, WYNYARD 7325",Wynyard High School,-40.9867,145.717
Yolla,14,285,4.9,Braddon,Murchison,Waratah-Wynyard,"School Lane, YOLLA 7325",Yolla District High School,-41.1237,145.719
Zeehan,19,315,6.0,Braddon,Murchison,West Coast,"7 Belstead St, ZEEHAN 7469",Zeehan Primary School,-41.888,145.34
Austins Ferry,156,1424,11.0,Clark,Derwent,Glenorchy City,"195 Main Rd, AUSTINS FERRY 7011",St Virgil's College,-42.774487,147.251105
Battery Point,314,857,36.6,Clark,Hobart,Hobart City,"30 Cromwell St, BATTERY POINT 7004",St George's Anglican Church,-42.891559,147.332663
Cascades,611,1024,59.7,Clark,Hobart,Hobart City,"59 Anglesea St, SOUTH HOBART 7004",South Hobart Primary School,-42.892494,147.310633
Chigwell,126,1017,12.4,Clark,Derwent,Glenorchy City,"10 Bucaan St, CHIGWELL 7011",Chigwell Barn,-42.811194,147.241655
Claremont,116,898,12.9,Clark,Derwent,Glenorchy City,"29 Wyndham Rd, CLAREMONT 7011",Holy Rosary Catholic School,-42.789471,147.248469
Claremont North,82,676,12.1,Clark,Derwent,Glenorchy City,"13 Brodie St, CLAREMONT 7011",Austins Ferry Primary School,-42.78618,147.240549
Claremont South,197,1423,13.8,Clark,Derwent,Glenorchy City,"2 Cadbury Rd, CLAREMONT 7011",Windermere Primary School,-42.80013,147.259102
Collinsvale,99,337,29.4,Clark,Elwick,Glenorchy City,"508 Collinsvale Rd, COLLINSVALE 7012",Collinsvale Primary School,-42.8367,147.198
Derwent Park,381,1382,27.6,Clark,Elwick,Glenorchy City,"40 Derwent Park Rd, MOONAH 7009",Moonah Primary School,-42.838,147.296
Derwent Park North,58,341,17.0,Clark,Elwick,Glenorchy City,"454-458 Brooker Hwy, DERWENT PARK 7009",Goodwood Primary School,-42.831689,147.293744
Fern Tree,296,506,58.5,Clark,Hobart,Hobart City,"8 Stephenson Pl, FERN TREE 7054",Fern Tree Community Centre,-42.9223,147.262
Glenorchy,281,1909,14.7,Clark,Elwick,Glenorchy City,"Kensington St, GLENORCHY 7010",Glenorchy Primary School,-42.832391,147.266343
Glenorchy Central,109,451,24.2,Clark,Elwick,Glenorchy City,"601 Brooker Hwy, GLENORCHY 7010",MyState Bank Arena (Derwent Room),-42.82426,147.282722
Glenorchy South,143,723,19.8,Clark,Elwick,Glenorchy City,"4 Terry St, GLENORCHY 7010",Glenorchy Library,-42.8455,147.265
Glenorchy West,255,1420,18.0,Clark,Elwick,Glenorchy City,"148 Tolosa St, GLENORCHY 7010",Tolosa Hall,-42.8455,147.265
Hobart,93,258,36.0,Clark,Hobart,Hobart City,"94 Barrack St, HOBART 7000",Guilford Young College (Hobart Campus),-42.882847,147.317632
Hobart City (Clark),421,943,44.6,Clark,Hobart,Hobart City,"57-63 Macquarie St, HOBART 7000",Hobart City Hall,-42.880478,147.331554
Kingston (Clark),192,613,31.3,Clark,Nelson,Kingborough,"7 Goshawk Way, KINGSTON 7050",Kingborough Community Hub,-42.976944,147.308333
Kingston Beach (Clark),66,176,37.5,Clark,Nelson,Kingborough,"20 Beach Rd, KINGSTON BEACH 7050",Kingston Beach Hall,-42.981534,147.323507
Lenah Valley,718,2119,33.9,Clark,Elwick,Hobart City,"11 Creek Rd, LENAH VALLEY 7008",Lenah Valley Primary School,-42.8612,147.29
Lower Sandy Bay,169,775,21.8,Clark,Nelson,Hobart City,"568 Sandy Bay Rd, SANDY BAY 7005",Sandy Bay Infant School,-42.909594,147.34935
Moonah,317,1089,29.1,Clark,Elwick,Glenorchy City,"7 Gormanston Rd, MOONAH 7009",Moonah Community Centre,-42.846325,147.299722
Moonah East,475,1579,30.1,Clark,Elwick,Glenorchy City,"35 Bowen Rd, MOONAH 7009",Bowen Road Primary School,-42.8474,147.308
Mount Nelson,439,1159,37.9,Clark,Nelson,Hobart City,"388 Nelson Rd, MOUNT NELSON 7007",Mt Nelson Primary School,-42.9136,147.323
Mount Stuart,354,861,41.1,Clark,Hobart,Hobart City,"106 Gillon Cres, MOUNT STUART 7000",Mt Stuart Primary School,-42.875,147.299
New Town Central,192,589,32.6,Clark,Hobart,Hobart City,"36 Forster St, NEW TOWN 7008",New Town Primary School,-42.857683,147.300576
New Town West,451,1481,30.5,Clark,Hobart,Hobart City,"67 Clare St, NEW TOWN 7008",Sacred Heart College,-42.8615,147.304
North Hobart,261,680,38.4,Clark,Hobart,Hobart City,"395 Argyle St, NORTH HOBART 7000",The Friends School,-42.867,147.316
North Hobart Central,516,1298,39.8,Clark,Hobart,Hobart City,"2 Swan St, NORTH HOBART 7000",Hobart North Uniting Church,-42.8728,147.314
Rosetta,149,651,22.9,Clark,Elwick,Glenorchy City,"32 Riverview Pde, ROSETTA 7010",Rosetta Primary School,-42.821437,147.258738
Sandy Bay,313,1198,26.1,Clark,Nelson,Hobart City,"43 Grosvenor St, SANDY BAY 7005",Wellspring Anglican Church Hall,-42.8992,147.327
Sandy Bay Beach,112,593,18.9,Clark,Nelson,Hobart City,"1 Southerwood Dr, SANDY BAY 7005",Harold Gregg Centre,-42.9138,147.355
Sandy Bay Central,450,1148,39.2,Clark,Nelson,Hobart City,"Randall St, SANDY BAY 7005",Princes Street Primary School,-42.8984,147.319
Sandy Bay South,283,1061,26.7,Clark,Nelson,Hobart City,"12 Balfour Ct, SANDY BAY 7005",Waimea Heights Primary School,-42.909011,147.33674
South Hobart,534,1217,43.9,Clark,Hobart,Hobart City,"34 Anglesea St, SOUTH HOBART 7004",St Francis Xavier's Church Hall,-42.8949,147.312
Taroona,582,1308,44.5,Clark,Nelson,Hobart City,"104 Channel Hwy, TAROONA 7053",Taroona Primary School,-42.943302,147.352737
West Hobart Central,724,1694,42.7,Clark,Hobart,Hobart City,"15 Gourlay St, WEST HOBART 7000",Lansdowne Crescent Primary School,-42.8819,147.309
West Hobart South,468,955,49.0,Clark,Hobart,Hobart City,"Forest Rd, WEST HOBART 7000",Goulburn Street Primary School,-42.8878,147.317
Adventure Bay,41,166,24.7,Franklin,Huon,Kingborough,"Adventure Bay Rd, ADVENTURE BAY 7150",Adventure Bay Hall,-43.3458,147.321
Alonnah,75,256,29.3,Franklin,Huon,Kingborough,"15 School Rd, ALONNAH 7150",Bruny Island District School,-43.31807,147.244455
Bellerive,308,1004,30.7,Franklin,Pembroke,Clarence City,"20 Leslie St, BELLERIVE 7018",Bellerive Primary School,-42.872974,147.372791
Bellerive East,253,1208,20.9,Franklin,Pembroke,Clarence City,"25 Wentworth St, BELLERIVE 7018",Clarence High School,-42.8784,147.389
Blackmans Bay,344,1113,30.9,Franklin,Nelson,Kingborough,"177 Roslyn Ave, BLACKMANS BAY 7052",Blackmans Bay Primary School,-42.996938,147.321219
Blackmans Bay South,288,1056,27.3,Franklin,Huon,Kingborough,"6 Tinderbox Rd, BLACKMANS BAY 7052",Illawarra Primary School,-43.00865,147.319378
Cambridge,228,1275,17.9,Franklin,Rumney,Clarence City,"976 Cambridge Rd, CAMBRIDGE 7170",Cambridge Primary School,-42.8362,147.442
Clarendon Vale,106,922,11.5,Franklin,Rumney,Clarence City,"25 Mockridge Rd, CLARENDON VALE 7019",Clarendon Vale Primary School,-42.8873,147.445
Cradoc,129,522,24.7,Franklin,Huon,Huon Valley,"8243 Channel Hwy, CRADOC 7109",Cradoc Park,-43.1064,147.034
Cygnet,538,1498,35.9,Franklin,Huon,Huon Valley,"14 Mary St, CYGNET 7112",Cygnet Town Hall,-43.161953,147.077734
Dover,71,668,10.6,Franklin,Huon,Huon Valley,"6940 Huon Hwy, DOVER 7117",Dover District High School,-43.3105,147.013
Franklin Township,156,608,25.7,Franklin,Huon,Huon Valley,"3388 Huon Hwy, FRANKLIN 7113",Palais Theatre,-43.089027,147.010524
Geeveston,165,921,17.9,Franklin,Huon,Huon Valley,"63 Arve Rd, GEEVESTON 7116",Geeveston Primary School,-43.1625,146.922
Geilston Bay,349,1534,22.8,Franklin,Pembroke,Clarence City,"271 East Derwent Hwy, GEILSTON BAY 7015",Lindisfarne North Primary School,-42.8383,147.349
Glen Huon,72,310,23.2,Franklin,Huon,Huon Valley,"801 Glen Huon Rd, GLEN HUON 7109",Glen Huon Primary School,-43.0278,146.962
Hobart City (Franklin),80,239,33.5,Franklin,,,"57-63 Macquarie St, HOBART 7000",Hobart City Hall,-42.880478,147.331554
Howden,85,310,27.4,Franklin,Huon,Kingborough,"392 Howden Rd, HOWDEN 7054",Howden Fire Station,-43.019128,147.291545
Howrah,415,1983,20.9,Franklin,Pembroke,Clarence City,"7 Howrah Rd, HOWRAH 7018","Howrah Scout Hall, Howrah Primary School",-42.8819,147.404
Howrah East,55,354,15.5,Franklin,Pembroke,Clarence City,"30 Holland St, HOWRAH 7018",Howrah Church of Christ,-42.887074,147.41719
Howrah South,262,1467,17.9,Franklin,Pembroke,Clarence City,"27 Tranmere Rd, HOWRAH 7018",Tranmere Hall,-42.8911,147.409
Huonville,260,1468,17.7,Franklin,Huon,Huon Valley,"74 Wilmot Rd, HUONVILLE 7109",Huonville Primary School,-43.02424,147.044783
Judbury,49,236,20.8,Franklin,Huon,Huon Valley,"1273 Glen Huon Rd, JUDBURY 7109",Judbury Hall,-42.9982,146.9283
Kettering,157,505,31.1,Franklin,Huon,Kingborough,"2963 Channel Hwy, KETTERING 7155",Kettering Community Centre,-43.1257,147.247
Kingston (Franklin),549,2465,22.3,Franklin,Nelson,Kingborough,"7 Goshawk Way, KINGSTON 7050",Kingborough Community Hub,-42.976944,147.308333
Kingston Beach (Franklin),279,947,29.5,Franklin,Nelson,Kingborough,"20 Beach Rd, KINGSTON BEACH 7050",Kingston Beach Hall,-42.981534,147.323507
Kingston South,42,250,16.8,Franklin,Nelson,Kingborough,"Kingston View Drive, KINGSTON 7050",Kingston Scout Hall,-42.972831,147.284727
Kingston West,127,788,16.1,Franklin,Nelson,Kingborough,"150 Redwood Rd, KINGSTON 7050",Southern Christian College,-42.9896,147.309
Lauderdale,378,1853,20.4,Franklin,Rumney,Clarence City,"3 Acton Rd, LAUDERDALE 7021",Lauderdale Primary Sports Centre,-42.904254,147.478491
Lindisfarne,318,1223,26.0,Franklin,Pembroke,Clarence City,"17 Loatta Rd, LINDISFARNE 7015",Lindisfarne Primary School,-42.8519,147.363
Lindisfarne Village,315,1343,23.5,Franklin,Pembroke,Clarence City,"37A Lincoln St, LINDISFARNE 7015",Lindisfarne Citizens Activities Centre,-42.847111,147.355308
Margate,345,1428,24.2,Franklin,Huon,Kingborough,"7 Van Morey Rd, MARGATE 7054",Margate Primary School,-43.028671,147.261676
Middleton,61,257,23.7,Franklin,Huon,Kingborough,"25 McDowall St, MIDDLETON 7163",South Channel Community Centre,-43.2311,147.256
Montagu Bay,248,1018,24.4,Franklin,Pembroke,Clarence City,"10 Conara Rd, MONTAGU BAY 7018",Montagu Bay Primary School,-42.8646,147.353
Mornington,63,330,19.1,Franklin,Pembroke,Clarence City,"2 Goondi St, MORNINGTON 7018",MacKillop Catholic College,-42.857123,147.400199
Mountain River,147,564,26.1,Franklin,Huon,Huon Valley,"263 Mountain River Rd, MOUNTAIN RIVER 7109",Mountain River Memorial Hall,-42.9614,147.109
North Bruny,38,73,52.1,Franklin,Huon,Kingborough,"680 Bruny Island Main Rd, NORTH BRUNY 7150",Barnes Bay CWA Hall,-43.112603,147.373414
Ranelagh,208,965,21.6,Franklin,Huon,Huon Valley,"40 Marguerite St, RANELAGH 7109",Ranelagh Memorial Hall,-43.0086,147.039
Risdon Vale,170,1305,13.0,Franklin,Rumney,Clarence City,"2 Heather Rd, RISDON VALE 7016",Risdon Vale Primary School,-42.8131,147.354
Rokeby,160,1332,12.0,Franklin,Rumney,Clarence City,"73 Burtonia St, ROKEBY 7019",Rokeby Primary School,-42.898953,147.433723
Sandfly,177,639,27.7,Franklin,Huon,Kingborough,"811 Sandfly Rd, SANDFLY 7150",Sandfly Hall,-42.985,147.196
Sandford,389,1373,28.3,Franklin,Rumney,Clarence City,"949 South Arm Rd, SANDFORD 7020",Sandford Hall,-42.9402,147.495
Seven Mile Beach,164,809,20.3,Franklin,Rumney,Clarence City,"78 Surf Rd, SEVEN MILE BEACH 7170",Ramada Resort By Wyndham Seven Mile Beach,-42.8526,147.511
Snug,279,1048,26.6,Franklin,Huon,Kingborough,"2208 Channel Hwy, SNUG 7054",Snug Primary School,-43.0664,147.255
South Arm,216,663,32.6,Franklin,Rumney,Clarence City,"32 Harmony Lane, SOUTH ARM 7022",South Arm Primary School,-43.0264,147.421
Southport,25,136,18.4,Franklin,Huon,Huon Valley,"8606 Huon Hwy, SOUTHPORT 7109",Southport Community Centre,-43.418985,146.959638
Warrane,242,1484,16.3,Franklin,Pembroke,Clarence City,"213 Cambridge Rd, WARRANE 7018",Warrane Primary School,-42.86115,147.38256
Woodbridge,179,414,43.2,Franklin,Huon,Kingborough,"3445 Channel Hwy, WOODBRIDGE 7162",Woodbridge Hall,-43.1601,147.239
Avoca,13,159,8.2,Lyons,McIntyre,Northern Midlands,"3 Falmouth St, AVOCA 7213",Avoca War Memorial Hall,-41.782499,147.719216
Bagdad,48,721,6.7,Lyons,Prosser,Southern Midlands,"46 School Rd, BAGDAD 7030",Bagdad Primary School,-42.6249,147.223
Bicheno,109,510,21.4,Lyons,Prosser,Glamorgan-Spring Bay,"78 Burgess St, BICHENO 7215",Bicheno War Memorial Hall,-41.8743,148.3003
Blackstone Heights,63,644,9.8,Lyons,Launceston,Meander Valley,"8 Neptune Dr, BLACKSTONE HEIGHTS 7250",Blackstone Christian Centre,-41.468281,147.091087
Bothwell,14,300,4.7,Lyons,Derwent,Central Highlands,"19 Alexander St, BOTHWELL 7030",Bothwell Council Chambers,-42.3819,147.006
Bracknell,26,405,6.4,Lyons,McIntyre,Meander Valley,"Louisa St, BRACKNELL 7302",Bracknell War Memorial Hall,-41.6512,146.943
Bridgewater,90,1199,7.5,Lyons,Derwent,Brighton,"25 Green Point Rd, BRIDGEWATER 7030",Brighton Civic Centre,-42.739164,147.243512
Bridgewater North,19,184,10.3,Lyons,Derwent,Brighton,"25 Old Main Rd, BRIDGEWATER 7030",Bridgewater Coronation Hall,-42.73673,147.22743
Brighton,139,1767,7.9,Lyons,Derwent,Brighton,"27 Downie St, BRIGHTON 7030",Brighton Primary School,-42.6991,147.258
Broadmarsh,15,177,8.5,Lyons,Prosser,Southern Midlands,"1218 Elderslie Rd, BROADMARSH 7030",Broadmarsh Hall,-42.6567,147.126
Campania,44,536,8.2,Lyons,Prosser,Southern Midlands,"45 Reeve St, CAMPANIA 7026",Campania Hall,-42.667109,147.421053
Campbell Town,31,654,4.7,Lyons,Prosser,Northern Midlands,"75 High St, CAMPBELL TOWN 7210",Campbell Town Town Hall,-41.926995,147.494438
Carrick,46,571,8.1,Lyons,McIntyre,Meander Valley,"29 Meander Valley Rd, CARRICK 7291",Carrick Public Hall,-41.530917,147.011259
Chudleigh,45,280,16.1,Lyons,McIntyre,Meander Valley,"54 Sorell St, CHUDLEIGH 7304",Chudleigh Memorial Hall,-41.557239,146.481292
Claude Road,49,368,13.3,Lyons,Montgomery,Kentish,"787 Claude Rd, CLAUDE ROAD 7306",Claude Road Memorial Hall,-41.4343,146.275
Colebrook,5,177,2.8,Lyons,Prosser,Southern Midlands,"45 Richmond St, COLEBROOK 7027",Colebrook Memorial Hall,-42.533165,147.362604
Coles Bay,38,157,24.2,Lyons,Prosser,Glamorgan-Spring Bay,"60 Harold St, COLES BAY 7215",Coles Bay Community Hall,-42.1249,148.286
Copping,55,218,25.2,Lyons,Prosser,Sorell,"69 Allanby St, COPPING 7174",Copping Hall,-42.819982,147.802747
Cressy,45,680,6.6,Lyons,McIntyre,Northern Midlands,"67 Main St, CRESSY 7302",Cressy Community Hall,-41.685476,147.080745
Deloraine,258,1608,16.0,Lyons,McIntyre,Meander Valley,"East Barrack St, DELORAINE 7304",Deloraine High School Hall,-41.52917,146.66111
Dodges Ferry,477,1524,31.3,Lyons,Prosser,Sorell,"532 Old Forcett Rd, DODGES FERRY 7173",Dodges Ferry Community Recreation Centre,-42.8485,147.624
Dromedary,38,322,11.8,Lyons,Derwent,Brighton,"14 Millvale Rd, DROMEDARY 7030",Dromedary (Millvale) Community Hall,-42.7282,147.179
Dunalley,67,339,19.8,Lyons,Prosser,Sorell,"5 Franklin St, DUNALLEY 7177",Dunalley Community Hall,-42.887008,147.812638
Elizabeth Town,40,224,17.9,Lyons,McIntyre,Meander Valley,"6173 Bass Hwy, ELIZABETH TOWN 7304",Ashgrove Cheese Dairy Door,-41.429873,146.557049
Epping Forest,6,187,3.2,Lyons,McIntyre,Northern Midlands,"13517 Midland Hwy, EPPING FOREST 7211",Epping Hall,-41.758076,147.349062
Evandale,90,797,11.3,Lyons,McIntyre,Northern Midlands,"5-11 Barclay St, EVANDALE 7212",Evandale Primary School,-41.5672,147.247
Fingal,11,254,4.3,Lyons,McIntyre,Break O'Day,"20 Talbot St, FINGAL 7214",Fingal Neighbourhood House,-41.638599,147.970926
Gagebrook,50,712,7.0,Lyons,Derwent,Brighton,"4 Tottenham Rd, GAGEBROOK 7030",Gagebrook Primary School,-42.7488,147.276
Glenora,26,259,10.0,Lyons,Derwent,Derwent Valley,"620 Gordon River Rd, GLENORA 7140",Glenora District High School,-42.6969,146.889
Granton,18,385,4.7,Lyons,Derwent,Derwent Valley,"1 Lyell Hwy, GRANTON 7030",Granton Memorial Hall,-42.7498,147.224
Hadspen,89,1088,8.2,Lyons,Launceston,Meander Valley,"1A Clare St, HADSPEN 7290",Hadspen Memorial Centre,-41.504103,147.06161
Hagley,15,286,5.2,Lyons,McIntyre,Meander Valley,"2508 Meander Valley Rd, HAGLEY 7292",Hagley Farm Primary School,-41.526508,146.903129
Kempton,16,296,5.4,Lyons,Prosser,Southern Midlands,"89 Main St, KEMPTON 7030",Kempton Memorial Hall,-42.531821,147.200647
Lachlan,54,431,12.5,Lyons,Derwent,Derwent Valley,"511 Lachlan Rd, LACHLAN 7140",Lachlan Community Hall,-42.8304,147.043
Longford,157,1869,8.4,Lyons,McIntyre,Northern Midlands,"Catherine & William Sts, LONGFORD 7301",Longford Primary School,-41.595925,147.116864
Lower Barrington,51,530,9.6,Lyons,Montgomery,Kentish,"1027 Sheffield Rd, LOWER BARRINGTON 7306",Lower Barrington Public Hall,-41.291,146.291
Magra,25,512,4.9,Lyons,Derwent,Derwent Valley,"377 Back River Rd, MAGRA 7140",Magra CWA Building,-42.7559,147.054
Meander,54,291,18.6,Lyons,McIntyre,Meander Valley,"124 Main Rd, MEANDER 7304",Meander Hall,-41.65198,146.609993
Midway Point,136,927,14.7,Lyons,Rumney,Sorell,"34 Raynors Rd, MIDWAY POINT 7171",Midway Point Community Hall,-42.7997,147.533
Miena,8,145,5.5,Lyons,Derwent,Central Highlands,"55-57 Cider Gum Rd, MIENA 7030",Miena Community Centre,-41.9937,146.708
Mole Creek,41,266,15.4,Lyons,McIntyre,Meander Valley,"4 Caveside Rd, MOLE CREEK 7304",Mole Creek Primary School,-41.557472,146.406501
Molesworth,61,335,18.2,Lyons,Derwent,Derwent Valley,"540 Molesworth Rd, MOLESWORTH 7140",Molesworth Primary School,-42.803676,147.156638
New Norfolk,217,1810,12.0,Lyons,Derwent,Derwent Valley,"8 Pioneer Ave, NEW NORFOLK 7140",New Norfolk Primary School,-42.7793,147.064
New Norfolk North,101,1125,9.0,Lyons,Derwent,Derwent Valley,"211 Back River Rd, NEW NORFOLK 7140",Fairview Primary School,-42.774251,147.04917
Nubeena,133,656,20.3,Lyons,Prosser,Tasman,"21 Clarke St, NUBEENA 7184",Tasman Civic Centre,-43.099706,147.744677
Oatlands,62,644,9.6,Lyons,Prosser,Southern Midlands,"27 Church St, OATLANDS 7120",Oatlands District High School,-42.301506,147.371821
Old Beach,176,1538,11.4,Lyons,Rumney,Brighton,"86 Jetty Rd, OLD BEACH 7017",Old Beach Community Centre,-42.77427,147.26576
Orford,50,433,11.5,Lyons,Prosser,Glamorgan-Spring Bay,"35 Charles st, ORFORD 7190",Orford Primary School,-42.563502,147.87386
Ouse,26,304,8.6,Lyons,Derwent,Central Highlands,"6947 Lyell Hwy, OUSE 7140",Ouse Online Centre,-42.485288,146.711018
Perth,166,1846,9.0,Lyons,McIntyre,Northern Midlands,"173 Fairtlough St, PERTH 7300",Perth Community Centre,-41.5725,147.173
Pontville,47,656,7.2,Lyons,Prosser,Brighton,"244 Brighton Rd, PONTVILLE 7030",Pontville Memorial Hall,-42.687226,147.263469
Primrose Sands,58,427,13.6,Lyons,Prosser,Sorell,"570 Primrose Sands Rd, PRIMROSE SANDS 7173",Primrose Sands Community Hall,-42.892403,147.671829
Prospect (Lyons),109,1172,9.3,Lyons,Rosevears,Launceston City,"282 Westbury Rd, PROSPECT 7250",St Patrick's College,-41.472,147.126
Prospect East (Lyons),15,123,12.2,Bass,Rosevears,Launceston City,"55 Oakden Rd, PROSPECT 7250",Silverdome,-41.475306,147.140172
Railton,43,591,7.3,Lyons,McIntyre,Kentish,"94 Foster St, RAILTON 7305",Sheffield School - Railton Campus,-41.3526,146.414
Richmond,141,771,18.3,Lyons,Rumney,Clarence City,"Commercial Rd, RICHMOND 7025",Richmond Primary School,-42.739282,147.437988
Ross,28,270,10.4,Lyons,Prosser,Northern Midlands,"12 Bridge St, ROSS 7209",Ross Town Hall,-42.031409,147.492498
Scamander,57,264,21.6,Lyons,McIntyre,Break O'Day,"1 Old Coach Rd, SCAMANDER 7215",Scamander Sports Complex,-41.454218,148.26009
Sheffield,80,897,8.9,Lyons,Montgomery,Kentish,"12 Henry St, SHEFFIELD 7306",Sheffield School,-41.380689,146.330316
Sorell,182,1208,15.1,Lyons,Prosser,Sorell,"11 Parsonage Pl, SORELL 7172",Sorell Bowls Club,-42.784402,147.564068
Sorell South,81,631,12.8,Lyons,Prosser,Sorell,"41 Gordon St, SORELL 7172",Sorell School,-42.7859,147.561
St Helens,91,459,19.8,Lyons,McIntyre,Break O'Day,"39 Cecilia St, ST HELENS 7216",St Helens Memorial Hall,-41.322629,148.249351
St Marys,77,429,17.9,Lyons,McIntyre,Break O'Day,"23 Main St, ST MARYS 7215",St Marys Community Hall,-41.57969,148.18531
Summerhill (Lyons),34,409,8.3,Lyons,Rosevears,Launceston City,"82-84 Stanley St, SUMMERHILL 7250",Summerdale Community Hall,-41.467659,147.130022
Swansea,81,699,11.6,Lyons,Prosser,Glamorgan-Spring Bay,"12 Franklin St, SWANSEA 7190",Swansea Town Hall,-42.1245,148.077
Taranna,78,291,26.8,Lyons,Prosser,Tasman,"Gourlay Rd, TARANNA 7180",Tasman Peninsula Community Centre,-43.037984,147.867522
Tea Tree,24,229,10.5,Lyons,Prosser,Brighton,"Briar Banks Rd, TEA TREE 7017",Tea Tree Community Hall,-42.689533,147.323592
Triabunna,36,547,6.6,Lyons,Prosser,Glamorgan-Spring Bay,"3 Vicary St, TRIABUNNA 7190",Triabunna Hall,-42.50822,147.910384
Tunnack,7,208,3.4,Lyons,Prosser,Southern Midlands,"2147 Tunnack Rd, TUNNACK 7120",Tunnack Public Hall,-42.456521,147.461779
Westbury,128,1079,11.9,Lyons,McIntyre,Meander Valley,"26 Lyall St, WESTBURY 7303",Westbury Town Hall,-41.528106,146.83102
Westerway,46,346,13.3,Lyons,Derwent,Derwent Valley,"1619 Gordon River Rd, WESTERWAY 7140",Westerway Primary School,-42.6775,146.787
Wilmot,31,222,14.0,Lyons,Montgomery,Kentish,"61 Main St, WILMOT 7310",Wilmot Primary School,-41.386919,146.175659
