PollingPlaceNm,DivisionNm,GreensVotes_2025,TotalVotes_2025,GreensPercentage_2025,SwingPercentage,PremisesNm_2025,PremisesAddress_2025,Latitude,Longitude,LegCo,LocalCouncil
Beaconsfield,Bass,95,923,10.3,1.9,Beaconsfield Community Centre,"92 Weld St, BEACONSFIELD 7270",-41.202993,146.818608,Rosevears,West Tamar
Beauty Point,Bass,49,551,8.9,-1.2,Beauty Point Uniting Church Hall,"Beatty St, BEAUTY POINT 7270",-41.148983,146.817506,Rosevears,West Tamar
Branxholm,Bass,19,198,9.6,0.4,Branxholm Community Hall,"Stoke St, BRANXHOLM 7261",-41.165606,147.73648,McIntyre,Dorset
Bridport,Bass,67,970,6.9,0.1,Bridport Hall,"Main St, BRIDPORT 7262",-41.0026,147.395,McIntyre,Dorset
Derby,Bass,30,105,28.6,6.8,Derby Town Hall,"1 Krushka St, DERBY 7264",-41.14933,147.80236,McIntyre,Dorset
Dilston,Bass,98,603,16.3,2.2,Dilston War Memorial Hall,"308 John Lees Dr, DILSTON 7252",-41.3368,147.082,Windermere,Launceston City
East Launceston,Bass,372,1489,25.0,-2.5,East Launceston Primary School,"18 Mary St, EAST LAUNCESTON 7250",-41.44144,147.151372,Launceston,Launceston City
Exeter,Bass,152,1125,13.5,1.1,Exeter High School Gymnasium,"28 Glen Ard Mohr Rd, EXETER 7275",-41.2996,146.957,Rosevears,West Tamar
George Town,Bass,115,1427,8.1,1.5,George Town Memorial Hall,"29-67 Macquarie St, GEORGE TOWN 7253",-41.106907,146.821868,Windermere,George Town
George Town South,Bass,80,1047,7.6,2.7,South George Town Primary School,"Franklin St, GEORGE TOWN 7253",-41.1124,146.833,Windermere,George Town
Gladstone,Bass,10,150,6.7,1.4,Gladstone Hall,"1 Carr St, GLADSTONE 7264",-40.9601,148.008,McIntyre,Dorset
Glengarry,Bass,41,296,13.9,0.3,Glengarry Catholic Church,"33 Glengarry Rd, GLENGARRY 7275",-41.335033,146.870343,Rosevears,West Tamar
Gravelly Beach,Bass,127,605,21.0,3.9,Edinburgh Park Equestrian Centre,"401 Gravelly Beach Rd, GRAVELLY BEACH 7276",-41.2939,146.973,Rosevears,West Tamar
Hillwood,Bass,54,396,13.6,-0.1,Hillwood Memorial Hall,"280 Hillwood Jetty Rd, HILLWOOD 7252",-41.236252,146.974945,Windermere,George Town
Invermay Central,Bass,174,942,18.5,,Invermay Primary School,"35-43 Mayne St, INVERMAY 7248",-41.421676,147.131233,Windermere,Launceston City
Invermay South,Bass,216,977,22.1,,Tramsheds,"2-4 Invermay Rd, INVERMAY 7248",-41.428417,147.138618,Windermere,Launceston City
Karoola,Bass,25,276,9.1,2.2,Karoola Hall,"1126 Pipers River Rd, KAROOLA 7267",-41.2539,147.148,Windermere,Launceston City
Kelso,Bass,53,337,15.7,1.6,Kelso Community Centre,"Foreshore Rd, KELSO 7270",-41.1037,146.794,Rosevears,West Tamar
Kings Meadows,Bass,135,927,14.6,2.4,YMCA Centre,"8A Blaydon St, KINGS MEADOWS 7249",-41.4677,147.16,Launceston,Launceston City
Kings Meadows South,Bass,53,431,12.3,-1.6,Kings Meadows High School,"93 Guy St, KINGS MEADOWS 7249",-41.473804,147.159527,Launceston,Launceston City
Lady Barron,Bass,11,121,9.1,2.0,Lady Barron Memorial Hall,"Main St, LADY BARRON 7255",-40.211081,148.240354,McIntyre,Flinders
Launceston,Bass,87,318,27.4,-3.2,Sacred Heart Catholic Primary School,"227 York St, LAUNCESTON 7250",-41.442676,147.132606,Launceston,Launceston City
Launceston Central,Bass,325,1002,32.4,10.6,Pilgrim Hall,"36 Paterson St, LAUNCESTON 7250",-41.4366,147.137,Launceston,Launceston City
Lebrina,Bass,24,217,11.1,2.2,Lebrina Memorial Hall,"905 Golconda Rd, LEBRINA 7254",-41.1773,147.228,Windermere,Launceston City
Legana,Bass,246,2054,12.0,-1.4,Legana Memorial Hall,"43 Fulton St, LEGANA 7277",-41.3632,147.047,Rosevears,West Tamar
Legana Central,Bass,32,327,9.8,0.1,Legana Christian Church,"1 Gerrard Cl, LEGANA 7277",-41.370142,147.040425,Rosevears,West Tamar
Lilydale,Bass,111,673,16.5,0.5,Lilydale Memorial Hall,"1949 Main Rd, LILYDALE 7268",-41.2523,147.216,Windermere,Launceston City
Mowbray,Bass,81,614,13.2,-0.7,Mowbray Heights Primary School,"20-30 Cadorna St, MOWBRAY 7248",-41.402293,147.132862,Windermere,Launceston City
Newnham,Bass,177,1724,10.3,3.3,Launceston North Uniting Church,"128-132 George Town Rd, NEWNHAM 7248",-41.3873,147.128,Windermere,Launceston City
Newnham South,Bass,83,807,10.3,,North Launceston Bowls and Community Club,"1B George Town Rd, NEWNHAM 7248",-41.400285,147.128665,Windermere,Launceston City
Newstead,Bass,139,682,20.4,3.2,Newstead Christian School,"31-37 Tudor Ave, NEWSTEAD 7250",-41.438159,147.165009,Launceston,Launceston City
Norwood,Bass,238,1804,13.2,0.5,Norwood Primary School,"103 Norwood Ave, NORWOOD 7250",-41.4621,147.174,Launceston,Launceston City
Norwood North,Bass,86,561,15.3,-0.3,Queechy High School,"161 Penquite Rd, NORWOOD 7250",-41.451953,147.176075,Launceston,Launceston City
Nunamara,Bass,37,299,12.4,1.8,Nunamara Memorial Hall,"39461 Tasman Hwy, NUNAMARA 7259",-41.394,147.296,Windermere,Launceston City
Pipers River,Bass,18,232,7.8,-1.0,Pipers River Fire Station,"76 School Rd, PIPERS RIVER 7252",-41.1006,147.091,Windermere,George Town
Prospect (Bass),Bass,46,327,14.1,0.5,St Patrick's College,"282 Westbury Rd, PROSPECT 7250",-41.472,147.126,Rosevears,Launceston City
Prospect East (Bass),Bass,17,139,12.2,,Silverdome,"55 Oakden Rd, PROSPECT 7250",-41.475306,147.140172,Rosevears,Launceston City
Ravenswood,Bass,103,1323,7.8,2.3,Ravenswood Primary School,"27 Prossers Forest Rd, RAVENSWOOD 7250",-41.415955,147.179654,Windermere,Launceston City
Ringarooma,Bass,12,260,4.6,0.5,Ringarooma Hall,"4 Charles St, RINGAROOMA 7263",-41.24241,147.73568,McIntyre,Dorset
Riverside,Bass,208,1409,14.8,2.9,Riverside High School,"354 West Tamar Hwy, RIVERSIDE 7250",-41.40936,147.09861,Rosevears,West Tamar
Riverside North,Bass,59,481,12.3,2.2,Windsor Community Centre,"1 Windsor Dr, RIVERSIDE 7250",-41.403988,147.09333,Rosevears,West Tamar
Rocherlea,Bass,28,269,10.4,1.0,Life Without Barriers,"3 Archer St, ROCHERLEA 7248",-41.37452,147.129185,Windermere,Launceston City
Scottsdale,Bass,85,1346,6.3,1.0,Scottsdale High School,"20 Coplestone Rd, SCOTTSDALE 7260",-41.157117,147.508674,McIntyre,Dorset
Sidmouth,Bass,57,414,13.8,4.0,Sidmouth Community Centre,"255 Batman Hwy, SIDMOUTH 7270",-41.2221,146.887,Rosevears,West Tamar
South Launceston East,Bass,158,886,17.8,,St Marks Hall,"2-6 Hobart Rd, SOUTH LAUNCESTON 7249",-41.459329,147.153912,Rosevears,Launceston City
South Launceston West,Bass,151,614,24.6,,Launceston Conference Centre,"50 Glen Dhu St, SOUTH LAUNCESTON 7249",-41.455679,147.14132,Rosevears,Launceston City
St Leonards,Bass,85,949,9.0,0.8,St Leonards Primary School,"330-342 St Leonards Rd, ST LEONARDS 7250",-41.4597,147.2,Windermere,Launceston City
Summerhill (Bass),Bass,221,1916,11.5,1.0,Summerdale Community Centre,"82-84 Stanley St, SUMMERHILL 7250",-41.4683,147.12971,Rosevears,Launceston City
Trevallyn,Bass,186,1326,14.0,-2.0,Trevallyn Life Church,"34 Pitt Ave, TREVALLYN 7250",-41.4301,147.106,Rosevears,West Tamar
Trevallyn Central,Bass,396,1270,31.2,-0.3,Trevallyn Primary School,"55 Gorge Rd, TREVALLYN 7250",-41.4381,147.115,Rosevears,West Tamar
Waverley,Bass,81,844,9.6,2.2,Waverley School Hall,"6 Naroo St, WAVERLEY 7250",-41.4321,147.19,Windermere,Launceston City
West Launceston,Bass,345,1216,28.4,-0.8,West Launceston Primary School,"24-38 Basin Rd, WEST LAUNCESTON 7250",-41.4492,147.129,Rosevears,Launceston City
Weymouth,Bass,20,170,11.8,-3.1,Weymouth Hall,"18 Major St, WEYMOUTH 7252",-41.0153,147.154,Windermere,George Town
Whitemark,Bass,72,338,21.3,8.3,Flinders Arts & Entertainment Centre (FAEC),"9 Patrick St, WHITEMARK 7255",-40.122089,148.016963,McIntyre,Flinders
Winnaleah,Bass,22,165,13.3,5.9,Winnaleah Memorial Hall,"20 Main St, WINNALEAH 7265",-41.0979,147.824,McIntyre,Dorset
Youngtown,Bass,154,1511,10.2,2.4,Youngtown Primary School,"Victoria St, YOUNGTOWN 7249",-41.4823,147.164,Launceston,Launceston City
Acton,Braddon,81,1065,7.6,1.9,Burnie Child and Family Centre,"36 Thorne St, ACTON 7320",-41.07264,145.89229,Montgomery,Burnie City
Boat Harbour,Braddon,48,354,13.6,-3.3,Boat Harbour Primary School,"17386 Bass Hwy, BOAT HARBOUR 7321",-40.9452,145.636,Murchison,Waratah-Wynyard
Burnie,Braddon,96,636,15.1,4.5,Burnie Senior Citizens Club Association,"6 Jones St, BURNIE 7320",-41.052325,145.902449,Murchison,Burnie City
Calder,Braddon,19,197,9.6,0.8,Calder Hall,"1320 Calder Rd, CALDER 7325",-41.0685,145.631,Murchison,Waratah-Wynyard
Cooee,Braddon,72,692,10.4,3.5,Cooee Primary School,"30 Fidler St, COOEE 7320",-41.04076,145.86801,Murchison,Burnie City
Currie,Braddon,41,630,6.5,-2.6,Currie Town Hall,"10 George St, CURRIE 7256",-39.9298,143.855,Murchison,King Island
Devonport,Braddon,62,681,9.1,1.9,Addison Street Scout Hall,"11 Addison St, DEVONPORT 7310",-41.1737,146.344,Mersey,Devonport City
Devonport Central,Braddon,122,944,12.9,0.6,Devonport Primary School,"57A Stewart St, DEVONPORT 7310",-41.18004,146.358108,Mersey,Devonport City
Devonport North,Braddon,24,158,15.2,,Don College,"87-121 Watkinson St, DEVONPORT 7310",-41.168832,146.33393,Mersey,Devonport City
Devonport North West,Braddon,180,1948,9.2,-1.0,Nixon Street Primary School,"60 Nixon St, DEVONPORT 7310",-41.1728,146.337,Mersey,Devonport City
Devonport South,Braddon,133,1359,9.8,0.9,Reece High School,"41-43 Middle Rd, DEVONPORT 7310",-41.1893,146.349,Mersey,Devonport City
Devonport West,Braddon,21,394,5.3,0.6,Devonport Christian School,"3-11 Jiloa Way, DON 7310",-41.181538,146.322415,Mersey,Devonport City
Don,Braddon,86,970,8.9,-0.4,Don Memorial Hall,"17 Forth Rd, DON 7310",-41.1827,146.318,Mersey,Devonport City
East Devonport,Braddon,111,1494,7.4,1.9,East Devonport Primary School,"19-21 Thomas St, EAST DEVONPORT 7310",-41.1779,146.372,Mersey,Devonport City
Edith Creek,Braddon,7,162,4.3,0.9,Edith Creek Primary School,"1282 Trowutta Rd, EDITH CREEK 7330",-40.9705,145.092,Murchison,Circular Head
Elliott,Braddon,49,379,12.9,6.0,Elliott Community Centre,"829 Murchison Hwy, ELLIOTT 7325",-41.0922,145.782,Murchison,Waratah-Wynyard
Forest,Braddon,18,279,6.5,4.0,Forest Primary School,"422 Mengha Rd, FOREST 7330",-40.8486,145.248,Murchison,Circular Head
Forth,Braddon,58,489,11.9,-2.8,Forth Primary School,"45 Wilmot Rd, FORTH 7310",-41.192921,146.248975,Montgomery,Central Coast
Gawler,Braddon,22,470,4.7,0.8,Gawler Hall,"15 Top Gawler Rd, GAWLER 7315",-41.1852,146.16,Montgomery,Central Coast
Grassy,Braddon,7,102,6.9,4.1,Grassy Fire Station,"6 Fern Tree Dr, GRASSY 7256",-40.048254,144.050797,Murchison,King Island
Havenview,Braddon,35,398,8.8,2.4,Havenview Primary School,"15 Marriott St, HAVENVIEW 7320",-41.0836,145.911,Montgomery,Burnie City
Heybridge,Braddon,21,285,7.4,-1.1,Blythe Heads Hall,"Sice Ave, HEYBRIDGE 7316",-41.0751,145.986,Montgomery,Central Coast
Highclere,Braddon,11,150,7.3,3.8,Highclere Community Centre,"1558 Ridgley Hwy, HIGHCLERE 7321",-41.1904,145.806,Montgomery,Burnie City
Latrobe,Braddon,72,1045,6.9,0.9,Latrobe Memorial Hall,"170 Gilbert St, LATROBE 7307",-41.2365,146.415,Mersey,Latrobe
Latrobe South,Braddon,74,1227,6.0,0.6,Latrobe Primary School,"23 Lewis St, LATROBE 7307",-41.239619,146.416013,Mersey,Latrobe
Marrawah,Braddon,13,159,8.2,1.9,Marrawah Memorial Hall,"844 Comeback Rd, MARRAWAH 7330",-40.9229,144.697,Murchison,Circular Head
Melrose,Braddon,27,281,9.6,0.0,Melrose Memorial Hall,"673 Melrose Rd, MELROSE 7310",-41.2417,146.289,Mersey,Devonport City
Montello,Braddon,96,835,11.5,4.0,Montello Primary School,"83 Bird St, MONTELLO 7320",-41.0605,145.898,Murchison,Burnie City
Moorleah,Braddon,26,203,12.8,3.1,Moorleah Community Centre,"720 Preolenna Rd, MOORLEAH 7321",-40.981,145.616,Murchison,Waratah-Wynyard
Moriarty,Braddon,17,144,11.8,2.6,Moriarty Hall,"1 Bonneys La, MORIARTY 7307",-41.217206,146.481308,Mersey,Latrobe
Natone,Braddon,13,111,11.7,4.1,Natone Primary School,"100 Upper Natone Rd, NATONE 7321",-41.1701,145.922,Montgomery,Burnie City
North Motton,Braddon,18,286,6.3,2.4,North Motton Hall,"578 Preston Rd, NORTH MOTTON 7315",-41.20637,146.10937,Montgomery,Central Coast
Penguin,Braddon,183,1263,14.5,1.7,Penguin District School,"105 Ironcliffe Rd, PENGUIN 7316",-41.127171,146.067557,Montgomery,Central Coast
Port Sorell,Braddon,118,1172,10.1,1.1,Port Sorell Memorial Hall,"cnr Meredith St & Darling St, PORT SORELL 7307",-41.165409,146.555718,Mersey,Latrobe
Port Sorell West,Braddon,96,999,9.6,0.2,Port Sorell Primary School,"Pitcairn St, PORT SORELL 7307",-41.163896,146.547898,Mersey,Latrobe
Preston,Braddon,8,122,6.6,0.6,Preston Community Centre,"1833 Preston Rd, PRESTON 7315",-41.2972,146.062,Montgomery,Central Coast
Queenstown,Braddon,21,262,8.0,1.6,Queenstown Memorial Hall,"53 Orr St, QUEENSTOWN 7467",-42.0802,145.558,Murchison,West Coast
Riana,Braddon,11,121,9.1,1.7,Riana Primary School,"1225 Pine Rd, RIANA 7316",-41.202283,145.999361,Montgomery,Central Coast
Ridgley,Braddon,22,510,4.3,0.8,Ridgley Primary School,"904 Ridgley Hwy, RIDGLEY 7321",-41.1398,145.837,Montgomery,Burnie City
Rocky Cape,Braddon,18,260,6.9,1.5,Rocky Cape Public Hall,"19074 Bass Hwy, ROCKY CAPE 7321",-40.905,145.487,Murchison,Circular Head
Romaine,Braddon,113,1099,10.3,2.8,Romaine Park Primary School,"cnr Roslyn Ave & Mount St, ROMAINE 7320",-41.076634,145.899584,Montgomery,Burnie City
Rosebery,Braddon,20,302,6.6,3.4,Rosebery District School,"7 Morrisby St, ROSEBERY 7470",-41.781124,145.541541,Murchison,West Coast
Sassafras,Braddon,17,273,6.2,5.3,Sassafras Primary School,"50 School Rd, SASSAFRAS 7307",-41.2871,146.503,Mersey,Latrobe
Shorewell Park,Braddon,109,942,11.6,2.4,Hellyer College,"41-43 Mooreville Rd, SHOREWELL PARK 7320",-41.06128,145.88153,Murchison,Burnie City
Sisters Beach,Braddon,73,245,29.8,12.9,Sisters Beach Fire Station,"34 Honeysuckle Ave, SISTERS BEACH 7321",-40.9181,145.565,Murchison,Waratah-Wynyard
Sisters Creek,Braddon,18,105,17.1,2.3,Myalla Community Centre,"29 Myalla Rd, SISTERS CREEK 7325",-40.964904,145.572884,Murchison,Waratah-Wynyard
Smithton,Braddon,62,985,6.3,3.0,Smithton Primary School,"27-43 Grant St, SMITHTON 7330",-40.849445,145.116059,Murchison,Circular Head
Somerset,Braddon,99,1306,7.6,1.5,Somerset Primary School,"30A Beaufort St, SOMERSET 7322",-41.038182,145.819344,Murchison,Waratah-Wynyard
South Riana,Braddon,20,197,10.2,7.4,South Riana Hall,"776 South Riana Rd, SOUTH RIANA 7316",-41.2345,145.977,Montgomery,Central Coast
Sprent,Braddon,13,220,5.9,-0.7,Sprent Primary School,"1245 Castra Rd, SPRENT 7315",-41.2627,146.16,Montgomery,Central Coast
Spreyton,Braddon,85,1270,6.7,1.5,Spreyton Primary School,"1 Mersey Main Rd, SPREYTON 7310",-41.21207,146.34434,Mersey,Devonport City
Stanley,Braddon,53,304,17.4,7.4,Stanley Primary School,"28 Pearse St, STANLEY 7331",-40.7603,145.291,Murchison,Circular Head
Stowport,Braddon,22,289,7.6,4.1,Stowport Public Hall,"580 Stowport Rd, STOWPORT 7321",-41.1124,145.929,Montgomery,Burnie City
Strahan,Braddon,14,305,4.6,-1.7,Strahan Primary School,"2 Bay St, STRAHAN 7468",-42.154043,145.320404,Murchison,West Coast
Sulphur Creek,Braddon,93,853,10.9,1.3,Sulphur Creek Hall,"310 Preservation Dr, SULPHUR CREEK 7316",-41.0935,146.026,Montgomery,Central Coast
Tullah,Braddon,8,102,7.8,3.5,Tullah Community Hall,"24 Farrell St, TULLAH 7321",-41.737568,145.616076,Murchison,West Coast
Turners Beach,Braddon,90,847,10.6,1.2,Turners Beach Hall,"Henry St, TURNERS BEACH 7315",-41.1589,146.244,Montgomery,Central Coast
Ulverstone Central,Braddon,91,860,10.6,3.4,Ulverstone Senior Citizens Club,"16 King Edward St, ULVERSTONE 7315",-41.15507,146.171931,Montgomery,Central Coast
Ulverstone East,Braddon,51,594,8.6,2.5,East Ulverstone Primary School,"18 Crawford St, ULVERSTONE 7315",-41.1546,146.192,Montgomery,Central Coast
Ulverstone South,Braddon,129,1436,9.0,1.2,Ulverstone High School,"38 Leven St, ULVERSTONE 7315",-41.16201,146.17091,Montgomery,Central Coast
Waratah,Braddon,7,126,5.6,-1.4,Waratah Municipal Chambers,"12-14 Smith St, WARATAH 7321",-41.44422,145.5313,Murchison,Waratah-Wynyard
Wesley Vale,Braddon,21,289,7.3,0.0,Andrews Creek Primary School,"20 Westwind Dr, WESLEY VALE 7307",-41.188828,146.456401,Mersey,Latrobe
West Ulverstone,Braddon,100,1195,8.4,1.6,West Ulverstone Primary School,"34 Maud St, WEST ULVERSTONE 7315",-41.1482,146.16,Montgomery,Central Coast
Wivenhoe,Braddon,32,343,9.3,3.7,Leighland Christian School (Wivenhoe Campus),"Stowport Rd, WIVENHOE 7320",-41.06904,145.93609,Montgomery,Burnie City
Wynyard Central,Braddon,139,1248,11.1,4.5,Wynyard Railway Institute Hall,"2 Station St, WYNYARD 7325",-40.991817,145.722618,Murchison,Waratah-Wynyard
Wynyard West,Braddon,139,1481,9.4,2.2,Wynyard High School,"30 Church St, WYNYARD 7325",-40.9867,145.717,Murchison,Waratah-Wynyard
Yolla,Braddon,14,285,4.9,0.4,Yolla District High School,"School Lane, YOLLA 7325",-41.1237,145.719,Murchison,Waratah-Wynyard
Zeehan,Braddon,19,315,6.0,2.3,Zeehan Primary School,"7 Belstead St, ZEEHAN 7469",-41.888,145.34,Murchison,West Coast
Austins Ferry,Clark,156,1424,11.0,1.2,St Virgil's College,"195 Main Rd, AUSTINS FERRY 7011",-42.774487,147.251105,Derwent,Glenorchy City
Battery Point,Clark,314,857,36.6,-0.9,St George's Anglican Church,"30 Cromwell St, BATTERY POINT 7004",-42.891559,147.332663,Hobart,Hobart City
Cascades,Clark,611,1024,59.7,12.6,South Hobart Primary School,"59 Anglesea St, SOUTH HOBART 7004",-42.892494,147.310633,Hobart,Hobart City
Chigwell,Clark,126,1017,12.4,2.6,Chigwell Barn,"10 Bucaan St, CHIGWELL 7011",-42.811194,147.241655,Derwent,Glenorchy City
Claremont,Clark,116,898,12.9,0.9,Holy Rosary Catholic School,"29 Wyndham Rd, CLAREMONT 7011",-42.789471,147.248469,Derwent,Glenorchy City
Claremont North,Clark,82,676,12.1,,Austins Ferry Primary School,"13 Brodie St, CLAREMONT 7011",-42.78618,147.240549,Derwent,Glenorchy City
Claremont South,Clark,197,1423,13.8,,Windermere Primary School,"2 Cadbury Rd, CLAREMONT 7011",-42.80013,147.259102,Derwent,Glenorchy City
Collinsvale,Clark,99,337,29.4,6.2,Collinsvale Primary School,"508 Collinsvale Rd, COLLINSVALE 7012",-42.8367,147.198,Elwick,Glenorchy City
Derwent Park,Clark,381,1382,27.6,,Moonah Primary School,"40 Derwent Park Rd, MOONAH 7009",-42.838,147.296,Elwick,Glenorchy City
Derwent Park North,Clark,58,341,17.0,,Goodwood Primary School,"454-458 Brooker Hwy, DERWENT PARK 7009",-42.831689,147.293744,Elwick,Glenorchy City
Fern Tree,Clark,296,506,58.5,12.6,Fern Tree Community Centre,"8 Stephenson Pl, FERN TREE 7054",-42.9223,147.262,Hobart,Hobart City
Glenorchy,Clark,281,1909,14.7,0.9,Glenorchy Primary School,"Kensington St, GLENORCHY 7010",-42.832391,147.266343,Elwick,Glenorchy City
Glenorchy Central,Clark,109,451,24.2,4.1,MyState Bank Arena (Derwent Room),"601 Brooker Hwy, GLENORCHY 7010",-42.82426,147.282722,Elwick,Glenorchy City
Glenorchy South,Clark,143,723,19.8,,Glenorchy Library,"4 Terry St, GLENORCHY 7010",-42.8455,147.265,Elwick,Glenorchy City
Glenorchy West,Clark,255,1420,18.0,,Tolosa Hall,"148 Tolosa St, GLENORCHY 7010",-42.8455,147.265,Elwick,Glenorchy City
Hobart,Clark,93,258,36.0,,Guilford Young College (Hobart Campus),"94 Barrack St, HOBART 7000",-42.882847,147.317632,Hobart,Hobart City
Hobart City (Clark),Clark,421,943,44.6,3.2,Hobart City Hall,"57-63 Macquarie St, HOBART 7000",-42.880478,147.331554,Hobart,Hobart City
Kingston (Clark),Clark,192,613,31.3,2.1,Kingborough Community Hub,"7 Goshawk Way, KINGSTON 7050",-42.976944,147.308333,Nelson,Kingborough
Kingston Beach (Clark),Clark,66,176,37.5,6.2,Kingston Beach Hall,"20 Beach Rd, KINGSTON BEACH 7050",-42.981534,147.323507,Nelson,Kingborough
Lenah Valley,Clark,718,2119,33.9,3.3,Lenah Valley Primary School,"11 Creek Rd, LENAH VALLEY 7008",-42.8612,147.29,Elwick,Hobart City
Lower Sandy Bay,Clark,169,775,21.8,-2.2,Sandy Bay Infant School,"568 Sandy Bay Rd, SANDY BAY 7005",-42.909594,147.34935,Nelson,Hobart City
Moonah,Clark,317,1089,29.1,5.4,Moonah Community Centre,"7 Gormanston Rd, MOONAH 7009",-42.846325,147.299722,Elwick,Glenorchy City
Moonah East,Clark,475,1579,30.1,5.0,Bowen Road Primary School,"35 Bowen Rd, MOONAH 7009",-42.8474,147.308,Elwick,Glenorchy City
Mount Nelson,Clark,439,1159,37.9,3.3,Mt Nelson Primary School,"388 Nelson Rd, MOUNT NELSON 7007",-42.9136,147.323,Nelson,Hobart City
Mount Stuart,Clark,354,861,41.1,2.9,Mt Stuart Primary School,"106 Gillon Cres, MOUNT STUART 7000",-42.875,147.299,Hobart,Hobart City
New Town Central,Clark,192,589,32.6,1.1,New Town Primary School,"36 Forster St, NEW TOWN 7008",-42.857683,147.300576,Hobart,Hobart City
New Town West,Clark,451,1481,30.5,-0.4,Sacred Heart College,"67 Clare St, NEW TOWN 7008",-42.8615,147.304,Hobart,Hobart City
North Hobart,Clark,261,680,38.4,,The Friends School,"395 Argyle St, NORTH HOBART 7000",-42.867,147.316,Hobart,Hobart City
North Hobart Central,Clark,516,1298,39.8,0.1,Hobart North Uniting Church,"2 Swan St, NORTH HOBART 7000",-42.8728,147.314,Hobart,Hobart City
Rosetta,Clark,149,651,22.9,0.9,Rosetta Primary School,"32 Riverview Pde, ROSETTA 7010",-42.821437,147.258738,Elwick,Glenorchy City
Sandy Bay,Clark,313,1198,26.1,-1.6,Wellspring Anglican Church Hall,"43 Grosvenor St, SANDY BAY 7005",-42.8992,147.327,Nelson,Hobart City
Sandy Bay Beach,Clark,112,593,18.9,0.1,Harold Gregg Centre,"1 Southerwood Dr, SANDY BAY 7005",-42.9138,147.355,Nelson,Hobart City
Sandy Bay Central,Clark,450,1148,39.2,,Princes Street Primary School,"Randall St, SANDY BAY 7005",-42.8984,147.319,Nelson,Hobart City
Sandy Bay South,Clark,283,1061,26.7,,Waimea Heights Primary School,"12 Balfour Ct, SANDY BAY 7005",-42.909011,147.33674,Nelson,Hobart City
South Hobart,Clark,534,1217,43.9,-0.8,St Francis Xavier's Church Hall,"34 Anglesea St, SOUTH HOBART 7004",-42.8949,147.312,Hobart,Hobart City
Taroona,Clark,582,1308,44.5,-1.3,Taroona Primary School,"104 Channel Hwy, TAROONA 7053",-42.943302,147.352737,Nelson,Hobart City
West Hobart Central,Clark,724,1694,42.7,-2.2,Lansdowne Crescent Primary School,"15 Gourlay St, WEST HOBART 7000",-42.8819,147.309,Hobart,Hobart City
West Hobart South,Clark,468,955,49.0,1.6,Goulburn Street Primary School,"Forest Rd, WEST HOBART 7000",-42.8878,147.317,Hobart,Hobart City
Adventure Bay,Franklin,41,166,24.7,3.1,Adventure Bay Hall,"Adventure Bay Rd, ADVENTURE BAY 7150",-43.3458,147.321,Huon,Kingborough
Alonnah,Franklin,75,256,29.3,-0.4,Bruny Island District School,"15 School Rd, ALONNAH 7150",-43.31807,147.244455,Huon,Kingborough
Bellerive,Franklin,308,1004,30.7,3.5,Bellerive Primary School,"20 Leslie St, BELLERIVE 7018",-42.872974,147.372791,Pembroke,Clarence City
Bellerive East,Franklin,253,1208,20.9,,Clarence High School,"25 Wentworth St, BELLERIVE 7018",-42.8784,147.389,Pembroke,Clarence City
Blackmans Bay,Franklin,344,1113,30.9,5.5,Blackmans Bay Primary School,"177 Roslyn Ave, BLACKMANS BAY 7052",-42.996938,147.321219,Nelson,Kingborough
Blackmans Bay South,Franklin,288,1056,27.3,3.2,Illawarra Primary School,"6 Tinderbox Rd, BLACKMANS BAY 7052",-43.00865,147.319378,Huon,Kingborough
Cambridge,Franklin,228,1275,17.9,1.3,Cambridge Primary School,"976 Cambridge Rd, CAMBRIDGE 7170",-42.8362,147.442,Rumney,Clarence City
Clarendon Vale,Franklin,106,922,11.5,3.1,Clarendon Vale Primary School,"25 Mockridge Rd, CLARENDON VALE 7019",-42.8873,147.445,Rumney,Clarence City
Cradoc,Franklin,129,522,24.7,-0.3,Cradoc Park,"8243 Channel Hwy, CRADOC 7109",-43.1064,147.034,Huon,Huon Valley
Cygnet,Franklin,538,1498,35.9,5.4,Cygnet Town Hall,"14 Mary St, CYGNET 7112",-43.161953,147.077734,Huon,Huon Valley
Dover,Franklin,71,668,10.6,-2.6,Dover District High School,"6940 Huon Hwy, DOVER 7117",-43.3105,147.013,Huon,Huon Valley
Franklin Township,Franklin,156,608,25.7,,Palais Theatre,"3388 Huon Hwy, FRANKLIN 7113",-43.089027,147.010524,Huon,Huon Valley
Geeveston,Franklin,165,921,17.9,4.2,Geeveston Primary School,"63 Arve Rd, GEEVESTON 7116",-43.1625,146.922,Huon,Huon Valley
Geilston Bay,Franklin,349,1534,22.8,3.7,Lindisfarne North Primary School,"271 East Derwent Hwy, GEILSTON BAY 7015",-42.8383,147.349,Pembroke,Clarence City
Glen Huon,Franklin,72,310,23.2,6.1,Glen Huon Primary School,"801 Glen Huon Rd, GLEN HUON 7109",-43.0278,146.962,Huon,Huon Valley
Hobart City (Franklin),Franklin,80,239,33.5,7.3,Hobart City Hall,"57-63 Macquarie St, HOBART 7000",-42.880478,147.331554,,
Howden,Franklin,85,310,27.4,4.7,Howden Fire Station,"392 Howden Rd, HOWDEN 7054",-43.019128,147.291545,Huon,Kingborough
Howrah,Franklin,415,1983,20.9,1.4,"Howrah Scout Hall, Howrah Primary School","7 Howrah Rd, HOWRAH 7018",-42.8819,147.404,Pembroke,Clarence City
Howrah East,Franklin,55,354,15.5,,Howrah Church of Christ,"30 Holland St, HOWRAH 7018",-42.887074,147.41719,Pembroke,Clarence City
Howrah South,Franklin,262,1467,17.9,,Tranmere Hall,"27 Tranmere Rd, HOWRAH 7018",-42.8911,147.409,Pembroke,Clarence City
Huonville,Franklin,260,1468,17.7,2.2,Huonville Primary School,"74 Wilmot Rd, HUONVILLE 7109",-43.02424,147.044783,Huon,Huon Valley
Judbury,Franklin,49,236,20.8,-1.3,Judbury Hall,"1273 Glen Huon Rd, JUDBURY 7109",-42.9982,146.9283,Huon,Huon Valley
Kettering,Franklin,157,505,31.1,6.1,Kettering Community Centre,"2963 Channel Hwy, KETTERING 7155",-43.1257,147.247,Huon,Kingborough
Kingston (Franklin),Franklin,549,2465,22.3,0.7,Kingborough Community Hub,"7 Goshawk Way, KINGSTON 7050",-42.976944,147.308333,Nelson,Kingborough
Kingston Beach (Franklin),Franklin,279,947,29.5,1.6,Kingston Beach Hall,"20 Beach Rd, KINGSTON BEACH 7050",-42.981534,147.323507,Nelson,Kingborough
Kingston South,Franklin,42,250,16.8,-4.6,Kingston Scout Hall,"Kingston View Drive, KINGSTON 7050",-42.972831,147.284727,Nelson,Kingborough
Kingston West,Franklin,127,788,16.1,,Southern Christian College,"150 Redwood Rd, KINGSTON 7050",-42.9896,147.309,Nelson,Kingborough
Lauderdale,Franklin,378,1853,20.4,1.2,Lauderdale Primary Sports Centre,"3 Acton Rd, LAUDERDALE 7021",-42.904254,147.478491,Rumney,Clarence City
Lindisfarne,Franklin,318,1223,26.0,2.0,Lindisfarne Primary School,"17 Loatta Rd, LINDISFARNE 7015",-42.8519,147.363,Pembroke,Clarence City
Lindisfarne Village,Franklin,315,1343,23.5,0.3,Lindisfarne Citizens Activities Centre,"37A Lincoln St, LINDISFARNE 7015",-42.847111,147.355308,Pembroke,Clarence City
Margate,Franklin,345,1428,24.2,2.2,Margate Primary School,"7 Van Morey Rd, MARGATE 7054",-43.028671,147.261676,Huon,Kingborough
Middleton,Franklin,61,257,23.7,-1.0,South Channel Community Centre,"25 McDowall St, MIDDLETON 7163",-43.2311,147.256,Huon,Kingborough
Montagu Bay,Franklin,248,1018,24.4,-0.5,Montagu Bay Primary School,"10 Conara Rd, MONTAGU BAY 7018",-42.8646,147.353,Pembroke,Clarence City
Mornington,Franklin,63,330,19.1,5.2,MacKillop Catholic College,"2 Goondi St, MORNINGTON 7018",-42.857123,147.400199,Pembroke,Clarence City
Mountain River,Franklin,147,564,26.1,4.1,Mountain River Memorial Hall,"263 Mountain River Rd, MOUNTAIN RIVER 7109",-42.9614,147.109,Huon,Huon Valley
North Bruny,Franklin,38,73,52.1,,Barnes Bay CWA Hall,"680 Bruny Island Main Rd, NORTH BRUNY 7150",-43.112603,147.373414,Huon,Kingborough
Ranelagh,Franklin,208,965,21.6,5.4,Ranelagh Memorial Hall,"40 Marguerite St, RANELAGH 7109",-43.0086,147.039,Huon,Huon Valley
Risdon Vale,Franklin,170,1305,13.0,4.1,Risdon Vale Primary School,"2 Heather Rd, RISDON VALE 7016",-42.8131,147.354,Rumney,Clarence City
Rokeby,Franklin,160,1332,12.0,0.9,Rokeby Primary School,"73 Burtonia St, ROKEBY 7019",-42.898953,147.433723,Rumney,Clarence City
Sandfly,Franklin,177,639,27.7,,Sandfly Hall,"811 Sandfly Rd, SANDFLY 7150",-42.985,147.196,Huon,Kingborough
Sandford,Franklin,389,1373,28.3,0.4,Sandford Hall,"949 South Arm Rd, SANDFORD 7020",-42.9402,147.495,Rumney,Clarence City
Seven Mile Beach,Franklin,164,809,20.3,-0.4,Ramada Resort By Wyndham Seven Mile Beach,"78 Surf Rd, SEVEN MILE BEACH 7170",-42.8526,147.511,Rumney,Clarence City
Snug,Franklin,279,1048,26.6,1.7,Snug Primary School,"2208 Channel Hwy, SNUG 7054",-43.0664,147.255,Huon,Kingborough
South Arm,Franklin,216,663,32.6,6.5,South Arm Primary School,"32 Harmony Lane, SOUTH ARM 7022",-43.0264,147.421,Rumney,Clarence City
Southport,Franklin,25,136,18.4,1.1,Southport Community Centre,"8606 Huon Hwy, SOUTHPORT 7109",-43.418985,146.959638,Huon,Huon Valley
Warrane,Franklin,242,1484,16.3,0.2,Warrane Primary School,"213 Cambridge Rd, WARRANE 7018",-42.86115,147.38256,Pembroke,Clarence City
Woodbridge,Franklin,179,414,43.2,2.2,Woodbridge Hall,"3445 Channel Hwy, WOODBRIDGE 7162",-43.1601,147.239,Huon,Kingborough
Avoca,Lyons,13,159,8.2,0.9,Avoca War Memorial Hall,"3 Falmouth St, AVOCA 7213",-41.782499,147.719216,McIntyre,Northern Midlands
Bagdad,Lyons,48,721,6.7,1.1,Bagdad Primary School,"46 School Rd, BAGDAD 7030",-42.6249,147.223,Prosser,Southern Midlands
Bicheno,Lyons,109,510,21.4,-2.2,Bicheno War Memorial Hall,"78 Burgess St, BICHENO 7215",-41.8743,148.3003,Prosser,Glamorgan-Spring Bay
Blackstone Heights,Lyons,63,644,9.8,,Blackstone Christian Centre,"8 Neptune Dr, BLACKSTONE HEIGHTS 7250",-41.468281,147.091087,Launceston,Meander Valley
Bothwell,Lyons,14,300,4.7,1.2,Bothwell Council Chambers,"19 Alexander St, BOTHWELL 7030",-42.3819,147.006,Derwent,Central Highlands
Bracknell,Lyons,26,405,6.4,-0.1,Bracknell War Memorial Hall,"Louisa St, BRACKNELL 7302",-41.6512,146.943,McIntyre,Meander Valley
Bridgewater,Lyons,90,1199,7.5,2.4,Brighton Civic Centre,"25 Green Point Rd, BRIDGEWATER 7030",-42.739164,147.243512,Derwent,Brighton
Bridgewater North,Lyons,19,184,10.3,,Bridgewater Coronation Hall,"25 Old Main Rd, BRIDGEWATER 7030",-42.73673,147.22743,Derwent,Brighton
Brighton,Lyons,139,1767,7.9,1.7,Brighton Primary School,"27 Downie St, BRIGHTON 7030",-42.6991,147.258,Derwent,Brighton
Broadmarsh,Lyons,15,177,8.5,1.2,Broadmarsh Hall,"1218 Elderslie Rd, BROADMARSH 7030",-42.6567,147.126,Prosser,Southern Midlands
Campania,Lyons,44,536,8.2,0.3,Campania Hall,"45 Reeve St, CAMPANIA 7026",-42.667109,147.421053,Prosser,Southern Midlands
Campbell Town,Lyons,31,654,4.7,-3.1,Campbell Town Town Hall,"75 High St, CAMPBELL TOWN 7210",-41.926995,147.494438,Prosser,Northern Midlands
Carrick,Lyons,46,571,8.1,2.1,Carrick Public Hall,"29 Meander Valley Rd, CARRICK 7291",-41.530917,147.011259,McIntyre,Meander Valley
Chudleigh,Lyons,45,280,16.1,4.3,Chudleigh Memorial Hall,"54 Sorell St, CHUDLEIGH 7304",-41.557239,146.481292,McIntyre,Meander Valley
Claude Road,Lyons,49,368,13.3,-1.0,Claude Road Memorial Hall,"787 Claude Rd, CLAUDE ROAD 7306",-41.4343,146.275,Montgomery,Kentish
Colebrook,Lyons,5,177,2.8,-4.3,Colebrook Memorial Hall,"45 Richmond St, COLEBROOK 7027",-42.533165,147.362604,Prosser,Southern Midlands
Coles Bay,Lyons,38,157,24.2,-7.8,Coles Bay Community Hall,"60 Harold St, COLES BAY 7215",-42.1249,148.286,Prosser,Glamorgan-Spring Bay
Copping,Lyons,55,218,25.2,-2.1,Copping Hall,"69 Allanby St, COPPING 7174",-42.819982,147.802747,Prosser,Sorell
Cressy,Lyons,45,680,6.6,1.3,Cressy Community Hall,"67 Main St, CRESSY 7302",-41.685476,147.080745,McIntyre,Northern Midlands
Deloraine,Lyons,258,1608,16.0,2.1,Deloraine High School Hall,"East Barrack St, DELORAINE 7304",-41.52917,146.66111,McIntyre,Meander Valley
Dodges Ferry,Lyons,477,1524,31.3,7.3,Dodges Ferry Community Recreation Centre,"532 Old Forcett Rd, DODGES FERRY 7173",-42.8485,147.624,Prosser,Sorell
Dromedary,Lyons,38,322,11.8,3.3,Dromedary (Millvale) Community Hall,"14 Millvale Rd, DROMEDARY 7030",-42.7282,147.179,Derwent,Brighton
Dunalley,Lyons,67,339,19.8,4.3,Dunalley Community Hall,"5 Franklin St, DUNALLEY 7177",-42.887008,147.812638,Prosser,Sorell
Elizabeth Town,Lyons,40,224,17.9,8.5,Ashgrove Cheese Dairy Door,"6173 Bass Hwy, ELIZABETH TOWN 7304",-41.429873,146.557049,McIntyre,Meander Valley
Epping Forest,Lyons,6,187,3.2,1.0,Epping Hall,"13517 Midland Hwy, EPPING FOREST 7211",-41.758076,147.349062,McIntyre,Northern Midlands
Evandale,Lyons,90,797,11.3,-2.5,Evandale Primary School,"5-11 Barclay St, EVANDALE 7212",-41.5672,147.247,McIntyre,Northern Midlands
Fingal,Lyons,11,254,4.3,-4.0,Fingal Neighbourhood House,"20 Talbot St, FINGAL 7214",-41.638599,147.970926,McIntyre,Break O'Day
Gagebrook,Lyons,50,712,7.0,1.5,Gagebrook Primary School,"4 Tottenham Rd, GAGEBROOK 7030",-42.7488,147.276,Derwent,Brighton
Glenora,Lyons,26,259,10.0,2.6,Glenora District High School,"620 Gordon River Rd, GLENORA 7140",-42.6969,146.889,Derwent,Derwent Valley
Granton,Lyons,18,385,4.7,-1.8,Granton Memorial Hall,"1 Lyell Hwy, GRANTON 7030",-42.7498,147.224,Derwent,Derwent Valley
Hadspen,Lyons,89,1088,8.2,0.2,Hadspen Memorial Centre,"1A Clare St, HADSPEN 7290",-41.504103,147.06161,Launceston,Meander Valley
Hagley,Lyons,15,286,5.2,-0.9,Hagley Farm Primary School,"2508 Meander Valley Rd, HAGLEY 7292",-41.526508,146.903129,McIntyre,Meander Valley
Kempton,Lyons,16,296,5.4,-0.1,Kempton Memorial Hall,"89 Main St, KEMPTON 7030",-42.531821,147.200647,Prosser,Southern Midlands
Lachlan,Lyons,54,431,12.5,0.9,Lachlan Community Hall,"511 Lachlan Rd, LACHLAN 7140",-42.8304,147.043,Derwent,Derwent Valley
Longford,Lyons,157,1869,8.4,1.5,Longford Primary School,"Catherine & William Sts, LONGFORD 7301",-41.595925,147.116864,McIntyre,Northern Midlands
Lower Barrington,Lyons,51,530,9.6,0.7,Lower Barrington Public Hall,"1027 Sheffield Rd, LOWER BARRINGTON 7306",-41.291,146.291,Montgomery,Kentish
Magra,Lyons,25,512,4.9,-0.3,Magra CWA Building,"377 Back River Rd, MAGRA 7140",-42.7559,147.054,Derwent,Derwent Valley
Meander,Lyons,54,291,18.6,0.5,Meander Hall,"124 Main Rd, MEANDER 7304",-41.65198,146.609993,McIntyre,Meander Valley
Midway Point,Lyons,136,927,14.7,0.5,Midway Point Community Hall,"34 Raynors Rd, MIDWAY POINT 7171",-42.7997,147.533,Rumney,Sorell
Miena,Lyons,8,145,5.5,-2.2,Miena Community Centre,"55-57 Cider Gum Rd, MIENA 7030",-41.9937,146.708,Derwent,Central Highlands
Mole Creek,Lyons,41,266,15.4,1.6,Mole Creek Primary School,"4 Caveside Rd, MOLE CREEK 7304",-41.557472,146.406501,McIntyre,Meander Valley
Molesworth,Lyons,61,335,18.2,5.1,Molesworth Primary School,"540 Molesworth Rd, MOLESWORTH 7140",-42.803676,147.156638,Derwent,Derwent Valley
New Norfolk,Lyons,217,1810,12.0,1.1,New Norfolk Primary School,"8 Pioneer Ave, NEW NORFOLK 7140",-42.7793,147.064,Derwent,Derwent Valley
New Norfolk North,Lyons,101,1125,9.0,2.3,Fairview Primary School,"211 Back River Rd, NEW NORFOLK 7140",-42.774251,147.04917,Derwent,Derwent Valley
Nubeena,Lyons,133,656,20.3,0.6,Tasman Civic Centre,"21 Clarke St, NUBEENA 7184",-43.099706,147.744677,Prosser,Tasman
Oatlands,Lyons,62,644,9.6,3.1,Oatlands District High School,"27 Church St, OATLANDS 7120",-42.301506,147.371821,Prosser,Southern Midlands
Old Beach,Lyons,176,1538,11.4,0.7,Old Beach Community Centre,"86 Jetty Rd, OLD BEACH 7017",-42.77427,147.26576,Rumney,Brighton
Orford,Lyons,50,433,11.5,0.1,Orford Primary School,"35 Charles st, ORFORD 7190",-42.563502,147.87386,Prosser,Glamorgan-Spring Bay
Ouse,Lyons,26,304,8.6,4.7,Ouse Online Centre,"6947 Lyell Hwy, OUSE 7140",-42.485288,146.711018,Derwent,Central Highlands
Perth,Lyons,166,1846,9.0,1.4,Perth Community Centre,"173 Fairtlough St, PERTH 7300",-41.5725,147.173,McIntyre,Northern Midlands
Pontville,Lyons,47,656,7.2,0.3,Pontville Memorial Hall,"244 Brighton Rd, PONTVILLE 7030",-42.687226,147.263469,Prosser,Brighton
Primrose Sands,Lyons,58,427,13.6,1.1,Primrose Sands Community Hall,"570 Primrose Sands Rd, PRIMROSE SANDS 7173",-42.892403,147.671829,Prosser,Sorell
Prospect (Lyons),Lyons,109,1172,9.3,0.9,St Patrick's College,"282 Westbury Rd, PROSPECT 7250",-41.472,147.126,Rosevears,Launceston City
Prospect East (Lyons),Bass,15,123,12.2,,Silverdome,"55 Oakden Rd, PROSPECT 7250",-41.475306,147.140172,Rosevears,Launceston City
Railton,Lyons,43,591,7.3,2.8,Sheffield School - Railton Campus,"94 Foster St, RAILTON 7305",-41.3526,146.414,McIntyre,Kentish
Richmond,Lyons,141,771,18.3,-0.8,Richmond Primary School,"Commercial Rd, RICHMOND 7025",-42.739282,147.437988,Rumney,Clarence City
Ross,Lyons,28,270,10.4,3.3,Ross Town Hall,"12 Bridge St, ROSS 7209",-42.031409,147.492498,Prosser,Northern Midlands
Scamander,Lyons,57,264,21.6,0.8,Scamander Sports Complex,"1 Old Coach Rd, SCAMANDER 7215",-41.454218,148.26009,McIntyre,Break O'Day
Sheffield,Lyons,80,897,8.9,-0.3,Sheffield School,"12 Henry St, SHEFFIELD 7306",-41.380689,146.330316,Montgomery,Kentish
Sorell,Lyons,182,1208,15.1,3.5,Sorell Bowls Club,"11 Parsonage Pl, SORELL 7172",-42.784402,147.564068,Prosser,Sorell
Sorell South,Lyons,81,631,12.8,-8.9,Sorell School,"41 Gordon St, SORELL 7172",-42.7859,147.561,Prosser,Sorell
St Helens,Lyons,91,459,19.8,4.3,St Helens Memorial Hall,"39 Cecilia St, ST HELENS 7216",-41.322629,148.249351,McIntyre,Break O'Day
St Marys,Lyons,77,429,17.9,0.1,St Marys Community Hall,"23 Main St, ST MARYS 7215",-41.57969,148.18531,McIntyre,Break O'Day
Summerhill (Lyons),Lyons,34,409,8.3,1.5,Summerdale Community Hall,"82-84 Stanley St, SUMMERHILL 7250",-41.467659,147.130022,Rosevears,Launceston City
Swansea,Lyons,81,699,11.6,2.1,Swansea Town Hall,"12 Franklin St, SWANSEA 7190",-42.1245,148.077,Prosser,Glamorgan-Spring Bay
Taranna,Lyons,78,291,26.8,2.0,Tasman Peninsula Community Centre,"Gourlay Rd, TARANNA 7180",-43.037984,147.867522,Prosser,Tasman
Tea Tree,Lyons,24,229,10.5,1.9,Tea Tree Community Hall,"Briar Banks Rd, TEA TREE 7017",-42.689533,147.323592,Prosser,Brighton
Triabunna,Lyons,36,547,6.6,0.1,Triabunna Hall,"3 Vicary St, TRIABUNNA 7190",-42.50822,147.910384,Prosser,Glamorgan-Spring Bay
Tunnack,Lyons,7,208,3.4,0.3,Tunnack Public Hall,"2147 Tunnack Rd, TUNNACK 7120",-42.456521,147.461779,Prosser,Southern Midlands
Westbury,Lyons,128,1079,11.9,2.6,Westbury Town Hall,"26 Lyall St, WESTBURY 7303",-41.528106,146.83102,McIntyre,Meander Valley
Westerway,Lyons,46,346,13.3,0.4,Westerway Primary School,"1619 Gordon River Rd, WESTERWAY 7140",-42.6775,146.787,Derwent,Derwent Valley
Wilmot,Lyons,31,222,14.0,-4.3,Wilmot Primary School,"61 Main St, WILMOT 7310",-41.386919,146.175659,Montgomery,Kentish
