PollingPlaceNm,GreensVotes,TotalVotes,GreensPercentage,DivisionNm,LegCo,LocalCouncil,PremisesAddress,PremisesNm,Latitude,Longitude
Beaconsfield,170,1164,14.6,Bass,Rosevears,West Tamar,"121 Weld St, BEACONSFIELD 7270",Beaconsfield Senior Citizens' Hall,-41.2024,146.819
Beauty Point,95,613,15.5,Bass,Rosevears,West Tamar,"Beatty St, BEAUTY POINT 7270",Beauty Point Uniting Church Hall,-41.148983,146.817506
Branxholm,44,205,21.5,Bass,McIntyre,Dorset,"Stoke St, BRANXHOLM 7261",Branxholm Community Hall,-41.165606,147.73648
Bridport,78,860,9.1,Bass,McIntyre,Dorset,"Main St, BRIDPORT 7262",Bridport Hall,-41.0026,147.395
Dilston,113,616,18.3,Bass,Windermere,Launceston City,"642 John Lees Dr, DILSTON 7252",Dilston Fire Station,-41.3368,147.082
East Launceston,265,1083,24.5,Bass,Launceston,Launceston City,"18 Mary St, EAST LAUNCESTON 7250",East Launceston Primary School,-41.44144,147.151372
Exeter,197,1234,16.0,Bass,Rosevears,West Tamar,"28 Glen Ard Mohr Rd, EXETER 7275",Exeter High School Gymnasium,-41.2996,146.957
Five Ways,156,801,19.5,Bass,Launceston,Launceston City,"6 Hobart Rd, SOUTH LAUNCESTON 7249",St Mark's Church Hall,-41.45908,147.15402
George Town,142,1074,13.2,Bass,Windermere,George Town,"29-67 Macquarie St, GEORGE TOWN 7253",George Town Memorial Hall,-41.106907,146.821868
George Town South,69,631,10.9,Bass,Windermere,George Town,"Franklin St, GEORGE TOWN 7253",South George Town Primary School,-41.1124,146.833
Gladstone,15,135,11.1,Bass,McIntyre,Dorset,"1 Carr St, GLADSTONE 7264",Gladstone Hall,-40.9601,148.008
Glengarry,49,342,14.3,Bass,Rosevears,West Tamar,"33 Glengarry Rd, GLENGARRY 7275",Glengarry Catholic Church,-41.335033,146.870343
Gravelly Beach,182,676,26.9,Bass,Rosevears,West Tamar,"401 Gravelly Beach Rd, GRAVELLY BEACH 7276",Edinburgh Park Equestrian Centre,-41.2939,146.973
Hillwood,77,452,17.0,Bass,Windermere,George Town,"280 Hillwood Jetty Rd, HILLWOOD 7252",Hillwood Memorial Hall,-41.236252,146.974945
Inveresk,225,1135,19.8,Bass,Windermere,Launceston City,"35-43 Mayne St, INVERMAY 7248",Invermay Primary School,-41.421676,147.131233
Invermay,171,673,25.4,Bass,Windermere,Launceston City,"4 Invermay Rd, INVERMAY 7248",The Tramsheds Function Centre,-41.428417,147.138618
Karoola,45,299,15.1,Bass,Windermere,Launceston City,"1126 Pipers River Rd, KAROOLA 7267",Karoola Hall,-41.2539,147.148
Kelso,63,296,21.3,Bass,Rosevears,West Tamar,"Foreshore Rd, KELSO 7270",Kelso Community Centre,-41.1037,146.794
Kings Meadows,206,1324,15.6,Bass,Launceston,Launceston City,"8A Blaydon St, KINGS MEADOWS 7249",YMCA Centre,-41.4677,147.16
Lady Barron,20,126,15.9,Bass,McIntyre,Flinders,"Main St, LADY BARRON 7255",Lady Barron Memorial Hall,-40.211081,148.240354
Launceston,240,720,33.3,Bass,Launceston,Launceston City,"36 Paterson St, LAUNCESTON 7250",Pilgrim Hall,-41.4366,147.137
Launceston Central,162,572,28.3,Bass,Launceston,Launceston City,"163 St John St, LAUNCESTON 7250",Chalmers Hall,-41.441,147.14205
Lebrina,31,239,13.0,Bass,Windermere,Launceston City,"905 Golconda Rd, LEBRINA 7254",Lebrina Memorial Hall,-41.1773,147.228
Legana,316,2401,13.2,Bass,Rosevears,West Tamar,"43 Fulton St, LEGANA 7277",Legana Memorial Hall,-41.3632,147.047
Lilydale,144,621,23.2,Bass,Windermere,Launceston City,"1947 Main Rd, LILYDALE 7268",Lilydale District High School,-41.2523,147.216
Mowbray,173,1075,16.1,Bass,Windermere,Launceston City,"20-30 Cadorna St, MOWBRAY 7248",Mowbray Heights Primary School,-41.402293,147.132862
Newnham,302,2330,13.0,Bass,Windermere,Launceston City,"128-132 George Town Rd, NEWNHAM 7248",Launceston North Uniting Church,-41.3873,147.128
Newstead,265,1334,19.9,Bass,Launceston,Launceston City,"148 Abbott St, NEWSTEAD 7250",Police Citizens & Youth Club,-41.4472,147.157
Norwood,291,1968,14.8,Bass,Launceston,Launceston City,"103 Norwood Ave, NORWOOD 7250",Norwood Primary School,-41.4621,147.174
Nunamara,61,287,21.3,Bass,Windermere,Launceston City,"39461 Tasman Hwy, NUNAMARA 7259",Nunamara Memorial Hall,-41.394,147.296
Pipers River,28,221,12.7,Bass,Windermere,George Town,"76 School Rd, PIPERS RIVER 7252",Pipers River Fire Station,-41.1006,147.091
Prospect,46,332,13.9,Bass,Rosevears,Launceston City,"282 Westbury Rd, PROSPECT 7250",St Patrick's College,-41.472,147.126
Ravenswood,167,1306,12.8,Bass,Windermere,Launceston City,"27 Prossers Forest Rd, RAVENSWOOD 7250",Ravenswood Primary School,-41.415955,147.179654
Ringarooma,32,235,13.6,Bass,McIntyre,Dorset,"4 Charles St, RINGAROOMA 7263",Ringarooma Hall,-41.24241,147.73568
Riverside,280,1794,15.6,Bass,Rosevears,West Tamar,"354 West Tamar Hwy, RIVERSIDE 7250",Riverside High School,-41.40936,147.09861
Riverside West,226,1395,16.2,Bass,Rosevears,West Tamar,"34 Pitt Ave, TREVALLYN 7250",Trevallyn Life Church,-41.4301,147.106
Rocherlea,39,354,11.0,Bass,Windermere,Launceston City,"215 George Town Rd, ROCHERLEA 7248",Brooks High School,-41.378531,147.121503
Scottsdale,67,670,10.0,Bass,McIntyre,Dorset,"20 Coplestone Rd, SCOTTSDALE 7260",Scottsdale High School,-41.157117,147.508674
South Launceston,180,699,25.8,Bass,Rosevears,Launceston City,"50 Glen Dhu St, SOUTH LAUNCESTON 7249",Launceston Conference Centre,-41.455679,147.14132
St Leonards,83,1012,8.2,Bass,Windermere,Launceston City,"330-342 St Leonards Rd, ST LEONARDS 7250",St Leonards Primary School,-41.4597,147.2
Summerhill,243,2006,12.1,Bass,Rosevears,Launceston City,"82-84 Stanley St, SUMMERHILL 7250",Summerdale Community Centre,-41.4683,147.12971
Trevallyn,412,1168,35.3,Bass,Rosevears,West Tamar,"55 Gorge Rd, TREVALLYN 7250",Trevallyn Primary School,-41.4381,147.115
Waverley,100,792,12.6,Bass,Windermere,Launceston City,"6 Naroo St, WAVERLEY 7250",Waverley School Hall,-41.4321,147.19
West Launceston,353,1189,29.7,Bass,Rosevears,Launceston City,"24-38 Basin Rd, WEST LAUNCESTON 7250",West Launceston Primary School,-41.4492,147.129
Weymouth,34,166,20.5,Bass,Windermere,George Town,"18 Major St, WEYMOUTH 7252",Weymouth Hall,-41.0153,147.154
Whitemark,63,315,20.0,Bass,McIntyre,Flinders,"9 Patrick St, WHITEMARK 7255",Flinders Arts & Entertainment Centre (FAEC),-40.122089,148.016963
Winnaleah,22,145,15.2,Bass,McIntyre,Dorset,"20 Main St, WINNALEAH 7265",Winnaleah Memorial Hall,-41.0979,147.824
Youngtown,167,1596,10.5,Bass,Launceston,Launceston City,"Victoria St, YOUNGTOWN 7249",Youngtown Primary School,-41.4823,147.164
Acton,112,1196,9.4,Braddon,Montgomery,Burnie City,"36 Thorne St, ACTON 7320",Burnie Child and Family Centre,-41.07264,145.89229
Boat Harbour,18,373,4.8,Braddon,Murchison,Waratah-Wynyard,"17386 Bass Hwy, BOAT HARBOUR 7321",Boat Harbour Primary School,-40.9452,145.636
Burnie,83,857,9.7,Braddon,Murchison,Burnie City,"80 Wilson St, BURNIE 7320",Burnie City Council Offices,-41.0532,145.906
Calder,11,170,6.5,Braddon,Murchison,Waratah-Wynyard,"1320 Calder Rd, CALDER 7325",Calder Hall,-41.0685,145.631
Cooee,54,679,8.0,Braddon,Murchison,Burnie City,"30 Fidler St, COOEE 7320",Cooee Primary School,-41.04076,145.86801
Currie,46,584,7.9,Braddon,Murchison,King Island,"10 George St, CURRIE 7256",Currie Town Hall,-39.9298,143.855
Devonport Central,87,775,11.2,Braddon,Mersey,Devonport City,"57A Stewart St, DEVONPORT 7310",Devonport Primary School,-41.18004,146.358108
Devonport North West,202,2228,9.1,Braddon,Mersey,Devonport City,"60 Nixon St, DEVONPORT 7310",Nixon Street Primary School,-41.1728,146.337
Devonport South,99,949,10.4,Braddon,Mersey,Devonport City,"41-43 Middle Rd, DEVONPORT 7310",Reece High School,-41.1893,146.349
Devonport West,39,617,6.3,Braddon,Mersey,Devonport City,"20-36 Valley Rd, DEVONPORT 7310",TasTafe,-41.1864,146.345
Don,94,1201,7.8,Braddon,Mersey,Devonport City,"17 Forth Rd, DON 7310",Don Memorial Hall,-41.1827,146.318
East Devonport,108,1633,6.6,Braddon,Mersey,Devonport City,"19-21 Thomas St, EAST DEVONPORT 7310",East Devonport Primary School,-41.1779,146.372
Edith Creek,7,118,5.9,Braddon,Murchison,Circular Head,"1282 Trowutta Rd, EDITH CREEK 7330",Edith Creek Primary School,-40.9705,145.092
Elliott,30,394,7.6,Braddon,Murchison,Waratah-Wynyard,"829 Murchison Hwy, ELLIOTT 7325",Elliott Community Centre,-41.0922,145.782
Forest,9,283,3.2,Braddon,Murchison,Circular Head,"422 Mengha Rd, FOREST 7330",Forest Primary School,-40.8486,145.248
Forth,71,580,12.2,Braddon,Montgomery,Central Coast,"680 Forth Rd, FORTH 7310",Forth Town Hall,-41.189168,146.248552
Gawler,30,605,5.0,Braddon,Montgomery,Central Coast,"15 Top Gawler Rd, GAWLER 7315",Gawler Hall,-41.1852,146.16
Grassy,9,110,8.2,Braddon,Murchison,King Island,"6 Fern Tree Dr, GRASSY 7256",Grassy Fire Station,-40.048254,144.050797
Havenview,24,392,6.1,Braddon,Montgomery,Burnie City,"15 Marriott St, HAVENVIEW 7320",Havenview Primary School,-41.0836,145.911
Heybridge,15,293,5.1,Braddon,Montgomery,Central Coast,"Sice Ave, HEYBRIDGE 7316",Blythe Heads Hall,-41.0751,145.986
Highclere,8,146,5.5,Braddon,Montgomery,Burnie City,"1558 Ridgley Hwy, HIGHCLERE 7321",Highclere Community Centre,-41.1904,145.806
Irishtown,4,82,4.9,Braddon,Murchison,Circular Head,"602 Irishtown Rd, IRISHTOWN 7330",Irishtown Sports Complex,-40.912449,145.143995
Latrobe,132,2174,6.1,Braddon,Mersey,Latrobe,"23 Lewis St, LATROBE 7307",Latrobe Primary School,-41.239619,146.416013
Marrawah,8,148,5.4,Braddon,Murchison,Circular Head,"844 Comeback Rd, MARRAWAH 7330",Marrawah Memorial Hall,-40.9229,144.697
Melrose,23,274,8.4,Braddon,Mersey,Devonport City,"673 Melrose Rd, MELROSE 7310",Melrose Memorial Hall,-41.2417,146.289
Montello,62,632,9.8,Braddon,Murchison,Burnie City,"83 Bird St, MONTELLO 7320",Montello Primary School,-41.0605,145.898
Moorleah,11,184,6.0,Braddon,Murchison,Waratah-Wynyard,"720 Preolenna Rd, MOORLEAH 7321",Moorleah Community Centre,-40.981,145.616
Natone,8,116,6.9,Braddon,Montgomery,Burnie City,"100 Upper Natone Rd, NATONE 7321",Natone Primary School,-41.1701,145.922
North Motton,27,328,8.2,Braddon,Montgomery,Central Coast,"578 Preston Rd, NORTH MOTTON 7315",North Motton Hall,-41.20637,146.10937
Penguin,158,1397,11.3,Braddon,Montgomery,Central Coast,"105 Ironcliffe Rd, PENGUIN 7316",Penguin District School,-41.127171,146.067557
Port Sorell,204,2185,9.3,Braddon,Mersey,Latrobe,"cnr Meredith St & Darling St, PORT SORELL 7307",Port Sorell Memorial Hall,-41.165409,146.555718
Preston,8,114,7.0,Braddon,Montgomery,Central Coast,"1833 Preston Rd, PRESTON 7315",Preston Community Centre,-41.2972,146.062
Queenstown,26,343,7.6,Braddon,Murchison,West Coast,"53 Orr St, QUEENSTOWN 7467",Queenstown Memorial Hall,-42.0802,145.558
Riana,6,146,4.1,Braddon,Montgomery,Central Coast,"1221 Pine Rd, RIANA 7316",Riana Community Centre,-41.2015,145.999
Ridgley,23,524,4.4,Braddon,Montgomery,Burnie City,"904 Ridgley Hwy, RIDGLEY 7321",Ridgley Primary School,-41.1398,145.837
Rocky Cape,13,285,4.6,Braddon,Murchison,Circular Head,"19074 Bass Hwy, ROCKY CAPE 7321",Rocky Cape Public Hall,-40.905,145.487
Romaine,88,1034,8.5,Braddon,Montgomery,Burnie City,"cnr Roslyn Ave & Mount St, ROMAINE 7320",Romaine Park Primary School,-41.076634,145.899584
Rosebery,24,257,9.3,Braddon,Murchison,West Coast,"8 Agnes St, ROSEBERY 7470",Rosebery Neighbourhood Centre,-41.779832,145.539126
Sassafras,11,305,3.6,Braddon,Mersey,Latrobe,"50 School Rd, SASSAFRAS 7307",Sassafras Primary School,-41.2871,146.503
Shorewell Park,51,711,7.2,Braddon,Murchison,Burnie City,"41-43 Mooreville Rd, SHOREWELL PARK 7320",Hellyer College,-41.06128,145.88153
Sisters Beach,18,241,7.5,Braddon,Murchison,Waratah-Wynyard,"34 Honeysuckle Ave, SISTERS BEACH 7321",Sisters Beach Fire Station,-40.9181,145.565
Sisters Creek,7,99,7.1,Braddon,Murchison,Waratah-Wynyard,"29 Myalla Rd, SISTERS CREEK 7325",Myalla Community Centre,-40.964904,145.572884
Smithton,54,1007,5.4,Braddon,Murchison,Circular Head,"27-43 Grant St, SMITHTON 7330",Smithton Primary School,-40.849445,145.116059
Somerset,70,1200,5.8,Braddon,Murchison,Waratah-Wynyard,"30A Beaufort St, SOMERSET 7322",Somerset Primary School,-41.038182,145.819344
South Riana,20,197,10.2,Braddon,Montgomery,Central Coast,"776 South Riana Rd, SOUTH RIANA 7316",South Riana Hall,-41.2345,145.977
Sprent,10,247,4.0,Braddon,Montgomery,Central Coast,"1245 Castra Rd, SPRENT 7315",Sprent Primary School,-41.2627,146.16
Spreyton,78,1216,6.4,Braddon,Mersey,Devonport City,"1 Mersey Main Rd, SPREYTON 7310",Spreyton Primary School,-41.21207,146.34434
Stanley,28,279,10.0,Braddon,Murchison,Circular Head,"28 Pearse St, STANLEY 7331",Stanley Primary School,-40.7603,145.291
Stowport,11,261,4.2,Braddon,Montgomery,Burnie City,"580 Stowport Rd, STOWPORT 7321",Stowport Public Hall,-41.1124,145.929
Strahan,16,273,5.9,Braddon,Murchison,West Coast,"2 Bay St, STRAHAN 7468",Strahan Primary School,-42.154043,145.320404
Sulphur Creek,65,780,8.3,Braddon,Montgomery,Central Coast,"310 Preservation Dr, SULPHUR CREEK 7316",Sulphur Creek Hall,-41.0935,146.026
Tullah,5,87,5.7,Braddon,Murchison,West Coast,"24 Farrell St, TULLAH 7321",Tullah Community Hall,-41.737568,145.616076
Turners Beach,69,827,8.3,Braddon,Montgomery,Central Coast,"Henry St, TURNERS BEACH 7315",Turners Beach Hall,-41.1589,146.244
Ulverstone Central,114,1283,8.9,Braddon,Montgomery,Central Coast,"16 King Edward St, ULVERSTONE 7315",Ulverstone Senior Citizens Club,-41.15507,146.171931
Ulverstone East,50,753,6.6,Braddon,Montgomery,Central Coast,"18 Crawford St, ULVERSTONE 7315",East Ulverstone Primary School,-41.1546,146.192
Ulverstone South,146,1753,8.3,Braddon,Montgomery,Central Coast,"38 Leven St, ULVERSTONE 7315",Ulverstone High School,-41.16201,146.17091
Waratah,12,117,10.3,Braddon,Murchison,Waratah-Wynyard,"12-14 Smith St, WARATAH 7321",Waratah Municipal Chambers,-41.44422,145.5313
Wesley Vale,18,343,5.2,Braddon,Mersey,Latrobe,"20 Westwind Dr, WESLEY VALE 7307",Andrews Creek Primary School,-41.188828,146.456401
West Ulverstone,116,1400,8.3,Braddon,Montgomery,Central Coast,"34 Maud St, WEST ULVERSTONE 7315",West Ulverstone Primary School,-41.1482,146.16
Wivenhoe,20,338,5.9,Braddon,Montgomery,Burnie City,"Hull St, WIVENHOE 7320",Leighland Christian School Brunie Campus,-41.0695,145.93556
Wynyard Central,104,1547,6.7,Braddon,Murchison,Waratah-Wynyard,"28 Jackson St, WYNYARD 7325",Wynyard Senior Citizens Club Rooms,-40.9909,145.729
Wynyard West,53,1150,4.6,Braddon,Murchison,Waratah-Wynyard,"30 Church St, WYNYARD 7325",Wynyard High School,-40.9867,145.717
Yolla,16,279,5.7,Braddon,Murchison,Waratah-Wynyard,"School Lane, YOLLA 7325",Yolla District High School,-41.1237,145.719
Zeehan,23,304,7.6,Braddon,Murchison,West Coast,"7 Belstead St, ZEEHAN 7469",Zeehan Primary School,-41.888,145.34
Austins Ferry,128,1445,8.9,Clark,Derwent,Glenorchy City,"195 Main Rd, AUSTINS FERRY 7011",St Virgil's College,-42.774487,147.251105
Battery Point,213,761,28.0,Clark,Hobart,Hobart City,"28 Cromwell St, BATTERY POINT 7004",St George's Church Hall,-42.891559,147.332663
Battery Point West,67,220,30.5,Clark,Hobart,Hobart City,"10A Albuera St, BATTERY POINT 7004",Albuera Street Primary School,-42.8912,147.326
Cascades,416,903,46.1,Clark,Hobart,Hobart City,"59 Anglesea St, SOUTH HOBART 7004",South Hobart Primary School,-42.892494,147.310633
Chigwell,82,1028,8.0,Clark,Derwent,Glenorchy City,"10 Bucaan St, CHIGWELL 7011",Chigwell Barn,-42.811194,147.241655
Claremont,66,391,16.9,Clark,Derwent,Glenorchy City,"61 Claremont Link Rd, CLAREMONT 7011",Claremont College,-42.79416,147.249718
Collinsvale,56,336,16.7,Clark,Elwick,Glenorchy City,"508 Collinsvale Rd, COLLINSVALE 7012",Collinsvale Primary School,-42.8367,147.198
Dynnyrne,209,803,26.0,Clark,Nelson,Hobart City,"Randall St, SANDY BAY 7005",Princes Street Primary School,-42.8984,147.319
Fern Tree,215,472,45.6,Clark,Hobart,Hobart City,"7 Summerleas Rd, FERN TREE 7054",Fern Tree Fire Station,-42.923248,147.260441
Glenorchy,268,2207,12.1,Clark,Elwick,Glenorchy City,"Kensington St, GLENORCHY 7010",Glenorchy Primary School,-42.832391,147.266343
Glenorchy Central,123,665,18.5,Clark,Elwick,Glenorchy City,"601 Brooker Hwy, GLENORCHY 7010",MyState Bank Arena (Derwent Room),-42.82426,147.282722
Goodwood,59,355,16.6,Clark,Elwick,Glenorchy City,"Elmsleigh Rd, MOONAH 7009",Goodwood Primary School,-42.831689,147.293744
Hobart City,298,751,39.7,Clark,Hobart,Hobart City,"57-63 Macquarie St, HOBART 7000",Hobart City Hall,-42.880478,147.331554
Lenah Valley,507,2092,24.2,Clark,Elwick,Hobart City,"11 Creek Rd, LENAH VALLEY 7008",Lenah Valley Primary School,-42.8612,147.29
Lower Sandy Bay,141,794,17.8,Clark,Nelson,Hobart City,"568 Sandy Bay Rd, SANDY BAY 7005",Sandy Bay Infant School,-42.909594,147.34935
Merton,214,1448,14.8,Clark,Elwick,Glenorchy City,"148 Tolosa St, GLENORCHY 7010",Tolosa Hall,-42.8455,147.265
Moonah,228,1153,19.8,Clark,Elwick,Glenorchy City,"7 Gormanston Rd, MOONAH 7009",Moonah Community Centre,-42.846325,147.299722
Moonah East,303,1525,19.9,Clark,Elwick,Glenorchy City,"35 Bowen Rd, MOONAH 7009",Bowen Road Primary School,-42.8474,147.308
Moonah North,300,1317,22.8,Clark,Elwick,Glenorchy City,"40 Derwent Park Rd, MOONAH 7009",Moonah Primary School,-42.838,147.296
Mount Nelson,293,1125,26.0,Clark,Nelson,Hobart City,"388 Nelson Rd, MOUNT NELSON 7007",Mt Nelson Primary School,-42.9136,147.323
Mount Stuart,226,806,28.0,Clark,Hobart,Hobart City,"106 Gillon Cres, MOUNT STUART 7000",Mt Stuart Primary School,-42.875,147.299
New Town,176,671,26.2,Clark,Hobart,Hobart City,"395 Argyle St, NORTH HOBART 7000",The Friends’ School,-42.867,147.316
New Town West,367,1571,23.4,Clark,Hobart,Hobart City,"67 Clare St, NEW TOWN 7008",Sacred Heart College,-42.8615,147.304
North Hobart Central,452,1290,35.0,Clark,Hobart,Hobart City,"2 Swan St, NORTH HOBART 7000",Hobart North Uniting Church,-42.8728,147.314
Roseneath,72,859,8.4,Clark,Derwent,Glenorchy City,"13 Brodie St, CLAREMONT 7011",Austins Ferry Primary School,-42.78618,147.240549
Rosetta,74,566,13.1,Clark,Elwick,Glenorchy City,"32 Riverview Pde, ROSETTA 7010",Rosetta Primary School,-42.821437,147.258738
Sandy Bay,310,1255,24.7,Clark,Nelson,Hobart City,"43 Grosvenor St, SANDY BAY 7005",Wellspring Anglican Church Hall,-42.8992,147.327
Sandy Bay Beach,91,653,13.9,Clark,Nelson,Hobart City,"1 Southerwood Dr, SANDY BAY 7005",Harold Gregg Centre,-42.9138,147.355
South Hobart,480,1190,40.3,Clark,Hobart,Hobart City,"34 Anglesea St, SOUTH HOBART 7004",St Francis Xavier's Church Hall,-42.8949,147.312
Taroona,432,1159,37.3,Clark,Nelson,Hobart City,"104 Channel Hwy, TAROONA 7053",Taroona Primary School,-42.943302,147.352737
Waimea Heights,167,830,20.1,Clark,Nelson,Hobart City,"12 Balfour Ct, SANDY BAY 7005",Waimea Heights Primary School,-42.909011,147.33674
West Hobart,129,402,32.1,Clark,Hobart,Hobart City,"Cnr Brisbane/Harrington Sts, HOBART 7000",St Peter's Hall,-42.881458,147.320654
West Hobart Central,480,1466,32.7,Clark,Hobart,Hobart City,"15 Gourlay St, WEST HOBART 7000",Lansdowne Crescent Primary School,-42.8819,147.309
West Hobart South,383,930,41.2,Clark,Hobart,Hobart City,"Forest Rd, WEST HOBART 7000",Goulburn Street Primary School,-42.8878,147.317
Windermere,138,1392,9.9,Clark,Derwent,Glenorchy City,"2 Cadbury Rd, CLAREMONT 7011",Windermere Primary School,-42.80013,147.259102
Adventure Bay,27,150,18.0,Franklin,Huon,Kingborough,"Adventure Bay Rd, ADVENTURE BAY 7150",Adventure Bay Hall,-43.3458,147.321
Alonnah,50,253,19.8,Franklin,Huon,Kingborough,"15 School Rd, ALONNAH 7150",Bruny Island District School,-43.31807,147.244455
Bellerive,237,1524,15.6,Franklin,Pembroke,Clarence City,"20 Leslie St, BELLERIVE 7018",Bellerive Primary School,-42.872974,147.372791
Blackmans Bay,211,1068,19.8,Franklin,Nelson,Kingborough,"177 Roslyn Ave, BLACKMANS BAY 7052",Blackmans Bay Primary School,-42.996938,147.321219
Blackmans Bay South,164,1004,16.3,Franklin,Huon,Kingborough,"6 Tinderbox Rd, BLACKMANS BAY 7052",Illawarra Primary School,-43.00865,147.319378
Cambridge,133,1244,10.7,Franklin,Rumney,Clarence City,"976 Cambridge Rd, CAMBRIDGE 7170",Cambridge Primary School,-42.8362,147.442
Clarence,194,1361,14.3,Franklin,Pembroke,Clarence City,"25 Wentworth St, BELLERIVE 7018",Clarence High School,-42.8784,147.389
Clarendon Vale,82,887,9.2,Franklin,Rumney,Clarence City,"25 Mockridge Rd, CLARENDON VALE 7019",Clarendon Vale Primary School,-42.8873,147.445
Cradoc,74,519,14.3,Franklin,Huon,Huon Valley,"8243 Channel Hwy, CRADOC 7109",Cradoc Park,-43.1064,147.034
Cygnet,277,1493,18.6,Franklin,Huon,Huon Valley,"19 Louisa St, CYGNET 7112",Cygnet Sports Centre,-43.158236,147.071378
Dover,73,637,11.5,Franklin,Huon,Huon Valley,"6940 Huon Hwy, DOVER 7117",Dover District High School,-43.3105,147.013
Geeveston,143,1053,13.6,Franklin,Huon,Huon Valley,"63 Arve Rd, GEEVESTON 7116",Geeveston Primary School,-43.1625,146.922
Geilston Bay,205,1312,15.6,Franklin,Pembroke,Clarence City,"271 East Derwent Hwy, GEILSTON BAY 7015",Lindisfarne North Primary School,-42.8383,147.349
Glen Huon,31,315,9.8,Franklin,Huon,Huon Valley,"801 Glen Huon Rd, GLEN HUON 7109",Glen Huon Primary School,-43.0278,146.962
Howden,50,320,15.6,Franklin,Huon,Kingborough,"392 Howden Rd, HOWDEN 7054",Howden Fire Station,-43.019128,147.291545
Howrah,244,1908,12.8,Franklin,Pembroke,Clarence City,"7 Howrah Rd, HOWRAH 7018","Howrah Scout Hall, Howrah Primary School",-42.8819,147.404
Huonville,263,1794,14.7,Franklin,Huon,Huon Valley,"74 Wilmot Rd, HUONVILLE 7109",Huonville Primary School,-43.02424,147.044783
Judbury,43,253,17.0,Franklin,Huon,Huon Valley,"1273 Glen Huon Rd, JUDBURY 7109",Judbury Hall,-42.9982,146.9283
Kettering,78,509,15.3,Franklin,Huon,Kingborough,"2963 Channel Hwy, KETTERING 7155",Kettering Community Centre,-43.1257,147.247
Kingston,481,2987,16.1,Franklin,Nelson,Kingborough,"7 Goshawk Way, KINGSTON 7050",Kingborough Community Hub,-42.976944,147.308333
Kingston Beach,170,812,20.9,Franklin,Nelson,Kingborough,"20 Beach Rd, KINGSTON BEACH 7050",Kingston Beach Hall,-42.981534,147.323507
Lauderdale,245,1933,12.7,Franklin,Rumney,Clarence City,"3 Acton Rd, LAUDERDALE 7021",Lauderdale Primary Sports Centre,-42.904254,147.478491
Lindisfarne,168,1155,14.5,Franklin,Pembroke,Clarence City,"17 Loatta Rd, LINDISFARNE 7015",Lindisfarne Primary School,-42.8519,147.363
Lindisfarne Village,217,1367,15.9,Franklin,Pembroke,Clarence City,"37A Lincoln St, LINDISFARNE 7015",Lindisfarne Citizens Activities Centre,-42.847111,147.355308
Maranoa Heights,90,793,11.3,Franklin,Nelson,Kingborough,"150 Redwood Rd, KINGSTON 7050",Southern Christian College,-42.9896,147.309
Margate,214,1454,14.7,Franklin,Huon,Kingborough,"7 Van Morey Rd, MARGATE 7054",Margate Primary School,-43.028671,147.261676
Middleton,30,260,11.5,Franklin,Huon,Kingborough,"25 McDowall St, MIDDLETON 7163",South Channel Community Centre,-43.2311,147.256
Montagu Bay,162,937,17.3,Franklin,Pembroke,Clarence City,"10 Conara Rd, MONTAGU BAY 7018",Montagu Bay Primary School,-42.8646,147.353
Mornington,98,830,11.8,Franklin,Pembroke,Clarence City,"400 Cambridge Rd, MORNINGTON 7018",Citywide Baptist Church,-42.856351,147.401753
Mountain River,90,539,16.7,Franklin,Huon,Huon Valley,"41 Crabtree Rd, GROVE 7109",Grove Fire Station,-42.976,147.094
Ranelagh,150,1002,15.0,Franklin,Huon,Huon Valley,"40 Marguerite St, RANELAGH 7109",Ranelagh Memorial Hall,-43.0086,147.039
Risdon Vale,115,1255,9.2,Franklin,Rumney,Clarence City,"2 Heather Rd, RISDON VALE 7016",Risdon Vale Primary School,-42.8131,147.354
Rokeby,98,1180,8.3,Franklin,Rumney,Clarence City,"1 Chipmans Rd, ROKEBY 7019",Emmanuel Christian School,-42.90091,147.438998
Sandfly,121,688,17.6,Franklin,Huon,Kingborough,"811 Sandfly Rd, SANDFLY 7150",Sandfly Hall,-42.985,147.196
Sandford,170,1366,12.4,Franklin,Rumney,Clarence City,"949 South Arm Rd, SANDFORD 7020",Sandford Hall,-42.9402,147.495
Seven Mile Beach,109,784,13.9,Franklin,Rumney,Clarence City,"78 Surf Rd, SEVEN MILE BEACH 7170",Ramada Resort By Wyndham Seven Mile Beach,-42.8526,147.511
Snug,163,1010,16.1,Franklin,Huon,Kingborough,"2208 Channel Hwy, SNUG 7054",Snug Primary School,-43.0664,147.255
South Arm,88,632,13.9,Franklin,Rumney,Clarence City,"32 Harmony Lane, SOUTH ARM 7022",South Arm Primary School,-43.0264,147.421
Southport,33,137,24.1,Franklin,Huon,Huon Valley,"8606 Huon Hwy, SOUTHPORT 7109",Southport Community Centre,-43.418985,146.959638
Tranmere,183,1690,10.8,Franklin,Pembroke,Clarence City,"27 Tranmere Rd, HOWRAH 7018",Tranmere Hall,-42.8911,147.409
Warrane,65,500,13.0,Franklin,Pembroke,Clarence City,"15 Acorn Dr, WARRANE 7018",Eastside Lutheran College,-42.852,147.385
Woodbridge,78,413,18.9,Franklin,Huon,Kingborough,"3445 Channel Hwy, WOODBRIDGE 7162",Woodbridge Hall,-43.1601,147.239
Avoca,18,184,9.8,Lyons,McIntyre,Northern Midlands,"3 Falmouth St, AVOCA 7213",Avoca War Memorial Hall,-41.782499,147.719216
Bagdad,57,758,7.5,Lyons,Prosser,Southern Midlands,"46 School Rd, BAGDAD 7030",Bagdad Primary School,-42.6249,147.223
Bicheno,116,547,21.2,Lyons,Prosser,Glamorgan-Spring Bay,"78 Burgess St, BICHENO 7215",Bicheno War Memorial Hall,-41.8743,148.3003
Bothwell,20,297,6.7,Lyons,Derwent,Central Highlands,"19 Alexander St, BOTHWELL 7030",Bothwell Council Chambers,-42.3819,147.006
Bracknell,32,410,7.8,Lyons,McIntyre,Meander Valley,"Louisa St, BRACKNELL 7302",Bracknell War Memorial Hall,-41.6512,146.943
Bridgewater,166,1824,9.1,Lyons,Derwent,Brighton,"25 Green Point Rd, BRIDGEWATER 7030",Brighton Civic Centre,-42.739164,147.243512
Brighton,135,1922,7.0,Lyons,Derwent,Brighton,"27 Downie St, BRIGHTON 7030",Brighton Primary School,-42.6991,147.258
Broadmarsh,23,210,11.0,Lyons,Prosser,Southern Midlands,"1218 Elderslie Rd, BROADMARSH 7030",Broadmarsh Hall,-42.6567,147.126
Campania,59,575,10.3,Lyons,Prosser,Southern Midlands,"45 Reeve St, CAMPANIA 7026",Campania Hall,-42.667109,147.421053
Campbell Town,66,632,10.4,Lyons,Prosser,Northern Midlands,"75 High St, CAMPBELL TOWN 7210",Campbell Town Town Hall,-41.926995,147.494438
Carrick,68,747,9.1,Lyons,McIntyre,Meander Valley,"29 Meander Valley Rd, CARRICK 7291",Carrick Public Hall,-41.530917,147.011259
Chudleigh,40,265,15.1,Lyons,McIntyre,Meander Valley,"54 Sorell St, CHUDLEIGH 7304",Chudleigh Memorial Hall,-41.557239,146.481292
Claude Road,79,303,26.1,Lyons,Montgomery,Kentish,"787 Claude Rd, CLAUDE ROAD 7306",Claude Road Memorial Hall,-41.4343,146.275
Colebrook,14,180,7.8,Lyons,Prosser,Southern Midlands,"45 Richmond St, COLEBROOK 7027",Colebrook Memorial Hall,-42.533165,147.362604
Coles Bay,50,150,33.3,Lyons,Prosser,Glamorgan-Spring Bay,"60 Harold St, COLES BAY 7215",Coles Bay Community Hall,-42.1249,148.286
Copping,64,215,29.8,Lyons,Prosser,Sorell,"69 Allanby St, COPPING 7174",Copping Hall,-42.819982,147.802747
Cressy,41,639,6.4,Lyons,McIntyre,Northern Midlands,"67 Main St, CRESSY 7302",Cressy Community Hall,-41.685476,147.080745
Deloraine,339,1604,21.1,Lyons,McIntyre,Meander Valley,"East Barrack St, DELORAINE 7304",Deloraine High School Hall,-41.52917,146.66111
Dodges Ferry,463,1427,32.4,Lyons,Prosser,Sorell,"532 Old Forcett Rd, DODGES FERRY 7173",Dodges Ferry Community Recreation Centre,-42.8485,147.624
Dromedary,46,333,13.8,Lyons,Derwent,Brighton,"14 Millvale Rd, DROMEDARY 7030",Dromedary (Millvale) Community Hall,-42.7282,147.179
Dunalley,80,322,24.8,Lyons,Prosser,Sorell,"5 Franklin St, DUNALLEY 7177",Dunalley Community Hall,-42.887008,147.812638
Elizabeth Town,35,241,14.5,Lyons,McIntyre,Meander Valley,"5816 Bass Hwy, ELIZABETH TOWN 7304",Elizabeth Town Fire Station,-41.461865,146.563813
Epping,8,123,6.5,Lyons,McIntyre,Northern Midlands,"13515 Midland Hwy, EPPING FOREST 7211",Epping Forest Public Hall,-41.758076,147.349062
Evandale,115,815,14.1,Lyons,McIntyre,Northern Midlands,"5-11 Barclay St, EVANDALE 7212",Evandale Primary School,-41.5672,147.247
Fingal,16,237,6.8,Lyons,McIntyre,Break O'Day,"20 Talbot St, FINGAL 7214",Fingal Neighbourhood House,-41.638599,147.970926
Gagebrook,57,752,7.6,Lyons,Derwent,Brighton,"4 Tottenham Rd, GAGEBROOK 7030",Gagebrook Primary School,-42.7488,147.276
Glenora,31,233,13.3,Lyons,Derwent,Derwent Valley,"620 Gordon River Rd, GLENORA 7140",Glenora District High School,-42.6969,146.889
Granton,25,308,8.1,Lyons,Derwent,Derwent Valley,"1 Lyell Hwy, GRANTON 7030",Granton Memorial Hall,-42.7498,147.224
Hadspen,96,1170,8.2,Lyons,Launceston,Meander Valley,"47 Main St, HADSPEN 7290",Hadspen Uniting Church Centre,-41.5064,147.064
Hagley,28,283,9.9,Lyons,McIntyre,Meander Valley,"2508 Meander Valley Rd, HAGLEY 7292",Hagley Farm Primary School,-41.526508,146.903129
Kempton,32,330,9.7,Lyons,Prosser,Southern Midlands,"85 Main St, KEMPTON 7030",Kempton Council Chambers,-42.531821,147.200647
Lachlan,52,392,13.3,Lyons,Derwent,Derwent Valley,"511 Lachlan Rd, LACHLAN 7140",Lachlan Community Hall,-42.8304,147.043
Longford,196,1888,10.4,Lyons,McIntyre,Northern Midlands,"Catherine & William Sts, LONGFORD 7301",Longford Primary School,-41.595925,147.116864
Lower Barrington,63,547,11.5,Lyons,Montgomery,Kentish,"1027 Sheffield Rd, LOWER BARRINGTON 7306",Lower Barrington Public Hall,-41.291,146.291
Magra,13,417,3.1,Lyons,Derwent,Derwent Valley,"377 Back River Rd, MAGRA 7140",Magra CWA Building,-42.7559,147.054
Meander,73,289,25.3,Lyons,McIntyre,Meander Valley,"124 Main Rd, MEANDER 7304",Meander Hall,-41.65198,146.609993
Midway Point,159,928,17.1,Lyons,Rumney,Sorell,"34 Raynors Rd, MIDWAY POINT 7171",Midway Point Community Hall,-42.7997,147.533
Miena,23,149,15.4,Lyons,Derwent,Central Highlands,"55-57 Cider Gum Rd, MIENA 7030",Miena Community Centre,-41.9937,146.708
Mole Creek,33,258,12.8,Lyons,McIntyre,Meander Valley,"4 Caveside Rd, MOLE CREEK 7304",Mole Creek Primary School,-41.557472,146.406501
Molesworth,55,302,18.2,Lyons,Derwent,Derwent Valley,"540 Molesworth Rd, MOLESWORTH 7140",Molesworth Primary School,-42.803676,147.156638
New Norfolk,175,1286,13.6,Lyons,Derwent,Derwent Valley,"8 Pioneer Ave, NEW NORFOLK 7140",New Norfolk Primary School,-42.7793,147.064
New Norfolk North,80,865,9.2,Lyons,Derwent,Derwent Valley,"211 Back River Rd, NEW NORFOLK 7140",Fairview Primary School,-42.774251,147.04917
Nubeena,152,628,24.2,Lyons,Prosser,Tasman,"21 Clarke St, NUBEENA 7184",Tasman Civic Centre,-43.099706,147.744677
Oatlands,57,647,8.8,Lyons,Prosser,Southern Midlands,"27 Church St, OATLANDS 7120",Oatlands District High School,-42.301506,147.371821
Old Beach,175,1607,10.9,Lyons,Rumney,Brighton,"86 Jetty Rd, OLD BEACH 7017",Old Beach Community Centre,-42.77427,147.26576
Orford,67,420,16.0,Lyons,Prosser,Glamorgan-Spring Bay,"35 Charles st, ORFORD 7190",Orford Primary School,-42.563502,147.87386
Ouse,27,290,9.3,Lyons,Derwent,Central Highlands,"6947 Lyell Hwy, OUSE 7140",Ouse Online Centre,-42.485288,146.711018
Perth,188,1879,10.0,Lyons,McIntyre,Northern Midlands,"173 Fairtlough St, PERTH 7300",Perth Community Centre,-41.5725,147.173
Pontville,62,668,9.3,Lyons,Prosser,Brighton,"244 Brighton Rd, PONTVILLE 7030",Pontville Memorial Hall,-42.687226,147.263469
Primrose Sands,80,419,19.1,Lyons,Prosser,Sorell,"570 Primrose Sands Rd, PRIMROSE SANDS 7173",Primrose Sands Community Hall,-42.892403,147.671829
Prospect Vale,111,1023,10.9,Lyons,Launceston,Meander Valley,"12 Casino Rise, PROSPECT VALE 7250",Residential Retirement Village Clubrooms,-41.4782,147.11
Railton,55,579,9.5,Lyons,McIntyre,Kentish,"94 Foster St, RAILTON 7305",Sheffield School - Railton Campus,-41.3526,146.414
Richmond,138,785,17.6,Lyons,Rumney,Clarence City,"Commercial Rd, RICHMOND 7025",Richmond Primary School,-42.739282,147.437988
Ross,35,276,12.7,Lyons,Prosser,Northern Midlands,"12 Bridge St, ROSS 7209",Ross Town Hall,-42.031409,147.492498
Scamander,82,316,25.9,Lyons,McIntyre,Break O'Day,"1 Old Coach Rd, SCAMANDER 7215",Scamander Sports Complex,-41.454218,148.26009
Sheffield,103,876,11.8,Lyons,Montgomery,Kentish,"12 Henry St, SHEFFIELD 7306",Sheffield School,-41.380689,146.330316
Sorell,285,1828,15.6,Lyons,Prosser,Sorell,"47 Cole St, SORELL 7172",Sorell Memorial Hall,-42.780612,147.560628
St Helens,153,783,19.5,Lyons,McIntyre,Break O'Day,"39 Cecilia St, ST HELENS 7216",St Helens Memorial Hall,-41.322629,148.249351
St Marys,110,448,24.6,Lyons,McIntyre,Break O'Day,"23 Main St, ST MARYS 7215",St Marys Community Hall,-41.57969,148.18531
Swansea,109,704,15.5,Lyons,Prosser,Glamorgan-Spring Bay,"12 Franklin St, SWANSEA 7190",Swansea Town Hall,-42.1245,148.077
Taranna,58,254,22.8,Lyons,Prosser,Tasman,"33 Amy St, TARANNA 7180",Tasman Community Centre,-43.038061,147.866748
Tea Tree,21,257,8.2,Lyons,Prosser,Brighton,"Briar Banks Rd, TEA TREE 7017",Tea Tree Community Hall,-42.689533,147.323592
Triabunna,43,489,8.8,Lyons,Prosser,Glamorgan-Spring Bay,"3 Vicary St, TRIABUNNA 7190",Triabunna Hall,-42.50822,147.910384
Tunnack,13,198,6.6,Lyons,Prosser,Southern Midlands,"2147 Tunnack Rd, TUNNACK 7120",Tunnack Public Hall,-42.456521,147.461779
Westbury,199,1198,16.6,Lyons,McIntyre,Meander Valley,"26 Lyall St, WESTBURY 7303",Westbury Town Hall,-41.528106,146.83102
Westerway,57,317,18.0,Lyons,Derwent,Derwent Valley,"1619 Gordon River Rd, WESTERWAY 7140",Westerway Primary School,-42.6775,146.787
Wilmot,50,203,24.6,Lyons,Montgomery,Kentish,"53 Main St, WILMOT 7310",Wilmot Memorial Hall,-41.3864,146.175
