PollingPlaceNm,DivisionNm,GreensVotes_2025,TotalVotes_2025,GreensPercentage_2025,SwingPercentage,PremisesNm_2025,PremisesAddress_2025,Latitude,Longitude,LegCo,LocalCouncil
Beaconsfield,Bass,170,1164,14.6,5.5,Beaconsfield Senior Citizens' Hall,"121 Weld St, BEACONSFIELD 7270",-41.2024,146.819,Rosevears,West Tamar
Beauty Point,Bass,95,613,15.5,8.4,Beauty Point Uniting Church Hall,"Beatty St, BEAUTY POINT 7270",-41.148983,146.817506,Rosevears,West Tamar
Branxholm,Bass,44,205,21.5,6.0,Branxholm Community Hall,"Stoke St, BRANXHOLM 7261",-41.165606,147.73648,McIntyre,Dorset
Bridport,Bass,78,860,9.1,3.2,Bridport Hall,"Main St, BRIDPORT 7262",-41.0026,147.395,McIntyre,Dorset
Dilston,Bass,113,616,18.3,5.1,Dilston Fire Station,"642 John Lees Dr, DILSTON 7252",-41.3368,147.082,Windermere,Launceston City
East Launceston,Bass,265,1083,24.5,6.1,East Launceston Primary School,"18 Mary St, EAST LAUNCESTON 7250",-41.44144,147.151372,Launceston,Launceston City
Exeter,Bass,197,1234,16.0,3.6,Exeter High School Gymnasium,"28 Glen Ard Mohr Rd, EXETER 7275",-41.2996,146.957,Rosevears,West Tamar
Five Ways,Bass,156,801,19.5,5.1,St Mark's Church Hall,"6 Hobart Rd, SOUTH LAUNCESTON 7249",-41.45908,147.15402,Launceston,Launceston City
George Town,Bass,142,1074,13.2,4.5,George Town Memorial Hall,"29-67 Macquarie St, GEORGE TOWN 7253",-41.106907,146.821868,Windermere,George Town
George Town South,Bass,69,631,10.9,4.2,South George Town Primary School,"Franklin St, GEORGE TOWN 7253",-41.1124,146.833,Windermere,George Town
Gladstone,Bass,15,135,11.1,3.3,Gladstone Hall,"1 Carr St, GLADSTONE 7264",-40.9601,148.008,McIntyre,Dorset
Glengarry,Bass,49,342,14.3,6.2,Glengarry Catholic Church,"33 Glengarry Rd, GLENGARRY 7275",-41.335033,146.870343,Rosevears,West Tamar
Gravelly Beach,Bass,182,676,26.9,11.7,Edinburgh Park Equestrian Centre,"401 Gravelly Beach Rd, GRAVELLY BEACH 7276",-41.2939,146.973,Rosevears,West Tamar
Hillwood,Bass,77,452,17.0,4.8,Hillwood Memorial Hall,"280 Hillwood Jetty Rd, HILLWOOD 7252",-41.236252,146.974945,Windermere,George Town
Inveresk,Bass,225,1135,19.8,6.2,Invermay Primary School,"35-43 Mayne St, INVERMAY 7248",-41.421676,147.131233,Windermere,Launceston City
Invermay,Bass,171,673,25.4,2.8,The Tramsheds Function Centre,"4 Invermay Rd, INVERMAY 7248",-41.428417,147.138618,Windermere,Launceston City
Karoola,Bass,45,299,15.1,4.5,Karoola Hall,"1126 Pipers River Rd, KAROOLA 7267",-41.2539,147.148,Windermere,Launceston City
Kelso,Bass,63,296,21.3,8.6,Kelso Community Centre,"Foreshore Rd, KELSO 7270",-41.1037,146.794,Rosevears,West Tamar
Kings Meadows,Bass,206,1324,15.6,1.5,YMCA Centre,"8A Blaydon St, KINGS MEADOWS 7249",-41.4677,147.16,Launceston,Launceston City
Lady Barron,Bass,20,126,15.9,9.7,Lady Barron Memorial Hall,"Main St, LADY BARRON 7255",-40.211081,148.240354,McIntyre,Flinders
Launceston,Bass,240,720,33.3,9.4,Pilgrim Hall,"36 Paterson St, LAUNCESTON 7250",-41.4366,147.137,Launceston,Launceston City
Launceston Central,Bass,162,572,28.3,3.3,Chalmers Hall,"163 St John St, LAUNCESTON 7250",-41.441,147.14205,Launceston,Launceston City
Lebrina,Bass,31,239,13.0,4.3,Lebrina Memorial Hall,"905 Golconda Rd, LEBRINA 7254",-41.1773,147.228,Windermere,Launceston City
Legana,Bass,316,2401,13.2,3.9,Legana Memorial Hall,"43 Fulton St, LEGANA 7277",-41.3632,147.047,Rosevears,West Tamar
Lilydale,Bass,144,621,23.2,4.7,Lilydale District High School,"1947 Main Rd, LILYDALE 7268",-41.2523,147.216,Windermere,Launceston City
Mowbray,Bass,173,1075,16.1,0.8,Mowbray Heights Primary School,"20-30 Cadorna St, MOWBRAY 7248",-41.402293,147.132862,Windermere,Launceston City
Newnham,Bass,302,2330,13.0,2.4,Launceston North Uniting Church,"128-132 George Town Rd, NEWNHAM 7248",-41.3873,147.128,Windermere,Launceston City
Newstead,Bass,265,1334,19.9,7.3,Police Citizens & Youth Club,"148 Abbott St, NEWSTEAD 7250",-41.4472,147.157,Launceston,Launceston City
Norwood,Bass,291,1968,14.8,5.5,Norwood Primary School,"103 Norwood Ave, NORWOOD 7250",-41.4621,147.174,Launceston,Launceston City
Nunamara,Bass,61,287,21.3,5.6,Nunamara Memorial Hall,"39461 Tasman Hwy, NUNAMARA 7259",-41.394,147.296,Windermere,Launceston City
Pipers River,Bass,28,221,12.7,0.4,Pipers River Fire Station,"76 School Rd, PIPERS RIVER 7252",-41.1006,147.091,Windermere,George Town
Prospect,Bass,46,332,13.9,1.0,St Patrick's College,"282 Westbury Rd, PROSPECT 7250",-41.472,147.126,Rosevears,Launceston City
Prospect,Bass,46,332,13.9,4.0,St Patrick's College,"282 Westbury Rd, PROSPECT 7250",-41.472,147.126,Rosevears,Launceston City
Ravenswood,Bass,167,1306,12.8,4.7,Ravenswood Primary School,"27 Prossers Forest Rd, RAVENSWOOD 7250",-41.415955,147.179654,Windermere,Launceston City
Ringarooma,Bass,32,235,13.6,6.3,Ringarooma Hall,"4 Charles St, RINGAROOMA 7263",-41.24241,147.73568,McIntyre,Dorset
Riverside,Bass,280,1794,15.6,6.0,Riverside High School,"354 West Tamar Hwy, RIVERSIDE 7250",-41.40936,147.09861,Rosevears,West Tamar
Riverside West,Bass,226,1395,16.2,5.0,Trevallyn Life Church,"34 Pitt Ave, TREVALLYN 7250",-41.4301,147.106,Rosevears,West Tamar
Rocherlea,Bass,39,354,11.0,3.6,Brooks High School,"215 George Town Rd, ROCHERLEA 7248",-41.378531,147.121503,Windermere,Launceston City
Scottsdale,Bass,67,670,10.0,1.5,Scottsdale High School,"20 Coplestone Rd, SCOTTSDALE 7260",-41.157117,147.508674,McIntyre,Dorset
South Launceston,Bass,180,699,25.8,8.3,Launceston Conference Centre,"50 Glen Dhu St, SOUTH LAUNCESTON 7249",-41.455679,147.14132,Rosevears,Launceston City
St Leonards,Bass,83,1012,8.2,1.1,St Leonards Primary School,"330-342 St Leonards Rd, ST LEONARDS 7250",-41.4597,147.2,Windermere,Launceston City
Summerhill,Bass,243,2006,12.1,2.3,Summerdale Community Centre,"82-84 Stanley St, SUMMERHILL 7250",-41.4683,147.12971,Rosevears,Launceston City
Trevallyn,Bass,412,1168,35.3,9.9,Trevallyn Primary School,"55 Gorge Rd, TREVALLYN 7250",-41.4381,147.115,Rosevears,West Tamar
Waverley,Bass,100,792,12.6,4.6,Waverley School Hall,"6 Naroo St, WAVERLEY 7250",-41.4321,147.19,Windermere,Launceston City
West Launceston,Bass,353,1189,29.7,4.2,West Launceston Primary School,"24-38 Basin Rd, WEST LAUNCESTON 7250",-41.4492,147.129,Rosevears,Launceston City
Weymouth,Bass,34,166,20.5,9.7,Weymouth Hall,"18 Major St, WEYMOUTH 7252",-41.0153,147.154,Windermere,George Town
Whitemark,Bass,63,315,20.0,2.6,Flinders Arts & Entertainment Centre (FAEC),"9 Patrick St, WHITEMARK 7255",-40.122089,148.016963,McIntyre,Flinders
Winnaleah,Bass,22,145,15.2,3.0,Winnaleah Memorial Hall,"20 Main St, WINNALEAH 7265",-41.0979,147.824,McIntyre,Dorset
Youngtown,Bass,167,1596,10.5,1.5,Youngtown Primary School,"Victoria St, YOUNGTOWN 7249",-41.4823,147.164,Launceston,Launceston City
Acton,Braddon,112,1196,9.4,4.1,Burnie Child and Family Centre,"36 Thorne St, ACTON 7320",-41.07264,145.89229,Montgomery,Burnie City
Boat Harbour,Braddon,18,373,4.8,-1.7,Boat Harbour Primary School,"17386 Bass Hwy, BOAT HARBOUR 7321",-40.9452,145.636,Murchison,Waratah-Wynyard
Burnie,Braddon,83,857,9.7,0.7,Burnie City Council Offices,"80 Wilson St, BURNIE 7320",-41.0532,145.906,Murchison,Burnie City
Calder,Braddon,11,170,6.5,-0.2,Calder Hall,"1320 Calder Rd, CALDER 7325",-41.0685,145.631,Murchison,Waratah-Wynyard
Cooee,Braddon,54,679,8.0,1.9,Cooee Primary School,"30 Fidler St, COOEE 7320",-41.04076,145.86801,Murchison,Burnie City
Currie,Braddon,46,584,7.9,3.1,Currie Town Hall,"10 George St, CURRIE 7256",-39.9298,143.855,Murchison,King Island
Devonport Central,Braddon,87,775,11.2,-0.6,Devonport Primary School,"57A Stewart St, DEVONPORT 7310",-41.18004,146.358108,Mersey,Devonport City
Devonport North West,Braddon,202,2228,9.1,-0.3,Nixon Street Primary School,"60 Nixon St, DEVONPORT 7310",-41.1728,146.337,Mersey,Devonport City
Devonport South,Braddon,99,949,10.4,2.9,Reece High School,"41-43 Middle Rd, DEVONPORT 7310",-41.1893,146.349,Mersey,Devonport City
Devonport West,Braddon,39,617,6.3,-1.3,TasTafe,"20-36 Valley Rd, DEVONPORT 7310",-41.1864,146.345,Mersey,Devonport City
Don,Braddon,94,1201,7.8,0.0,Don Memorial Hall,"17 Forth Rd, DON 7310",-41.1827,146.318,Mersey,Devonport City
East Devonport,Braddon,108,1633,6.6,0.8,East Devonport Primary School,"19-21 Thomas St, EAST DEVONPORT 7310",-41.1779,146.372,Mersey,Devonport City
Edith Creek,Braddon,7,118,5.9,0.8,Edith Creek Primary School,"1282 Trowutta Rd, EDITH CREEK 7330",-40.9705,145.092,Murchison,Circular Head
Elliott,Braddon,30,394,7.6,0.7,Elliott Community Centre,"829 Murchison Hwy, ELLIOTT 7325",-41.0922,145.782,Murchison,Waratah-Wynyard
Forest,Braddon,9,283,3.2,-1.3,Forest Primary School,"422 Mengha Rd, FOREST 7330",-40.8486,145.248,Murchison,Circular Head
Forth,Braddon,71,580,12.2,-0.8,Forth Town Hall,"680 Forth Rd, FORTH 7310",-41.189168,146.248552,Montgomery,Central Coast
Gawler,Braddon,30,605,5.0,0.0,Gawler Hall,"15 Top Gawler Rd, GAWLER 7315",-41.1852,146.16,Montgomery,Central Coast
Grassy,Braddon,9,110,8.2,1.1,Grassy Fire Station,"6 Fern Tree Dr, GRASSY 7256",-40.048254,144.050797,Murchison,King Island
Havenview,Braddon,24,392,6.1,3.0,Havenview Primary School,"15 Marriott St, HAVENVIEW 7320",-41.0836,145.911,Montgomery,Burnie City
Heybridge,Braddon,15,293,5.1,0.3,Blythe Heads Hall,"Sice Ave, HEYBRIDGE 7316",-41.0751,145.986,Montgomery,Central Coast
Highclere,Braddon,8,146,5.5,1.6,Highclere Community Centre,"1558 Ridgley Hwy, HIGHCLERE 7321",-41.1904,145.806,Montgomery,Burnie City
Irishtown,Braddon,4,82,4.9,2.0,Irishtown Sports Complex,"602 Irishtown Rd, IRISHTOWN 7330",-40.912449,145.143995,Murchison,Circular Head
Latrobe,Braddon,132,2174,6.1,1.5,Latrobe Primary School,"23 Lewis St, LATROBE 7307",-41.239619,146.416013,Mersey,Latrobe
Marrawah,Braddon,8,148,5.4,1.4,Marrawah Memorial Hall,"844 Comeback Rd, MARRAWAH 7330",-40.9229,144.697,Murchison,Circular Head
Melrose,Braddon,23,274,8.4,1.6,Melrose Memorial Hall,"673 Melrose Rd, MELROSE 7310",-41.2417,146.289,Mersey,Devonport City
Montello,Braddon,62,632,9.8,0.8,Montello Primary School,"83 Bird St, MONTELLO 7320",-41.0605,145.898,Murchison,Burnie City
Moorleah,Braddon,11,184,6.0,-4.9,Moorleah Community Centre,"720 Preolenna Rd, MOORLEAH 7321",-40.981,145.616,Murchison,Waratah-Wynyard
Natone,Braddon,8,116,6.9,0.2,Natone Primary School,"100 Upper Natone Rd, NATONE 7321",-41.1701,145.922,Montgomery,Burnie City
North Motton,Braddon,27,328,8.2,2.9,North Motton Hall,"578 Preston Rd, NORTH MOTTON 7315",-41.20637,146.10937,Montgomery,Central Coast
Penguin,Braddon,158,1397,11.3,0.0,Penguin District School,"105 Ironcliffe Rd, PENGUIN 7316",-41.127171,146.067557,Montgomery,Central Coast
Port Sorell,Braddon,204,2185,9.3,1.7,Port Sorell Memorial Hall,"cnr Meredith St & Darling St, PORT SORELL 7307",-41.165409,146.555718,Mersey,Latrobe
Preston,Braddon,8,114,7.0,,Preston Community Centre,"1833 Preston Rd, PRESTON 7315",-41.2972,146.062,Montgomery,Central Coast
Queenstown,Braddon,26,343,7.6,-0.2,Queenstown Memorial Hall,"53 Orr St, QUEENSTOWN 7467",-42.0802,145.558,Murchison,West Coast
Riana,Braddon,6,146,4.1,-5.3,Riana Community Centre,"1221 Pine Rd, RIANA 7316",-41.2015,145.999,Montgomery,Central Coast
Ridgley,Braddon,23,524,4.4,-0.2,Ridgley Primary School,"904 Ridgley Hwy, RIDGLEY 7321",-41.1398,145.837,Montgomery,Burnie City
Rocky Cape,Braddon,13,285,4.6,0.2,Rocky Cape Public Hall,"19074 Bass Hwy, ROCKY CAPE 7321",-40.905,145.487,Murchison,Circular Head
Romaine,Braddon,88,1034,8.5,3.0,Romaine Park Primary School,"cnr Roslyn Ave & Mount St, ROMAINE 7320",-41.076634,145.899584,Montgomery,Burnie City
Rosebery,Braddon,24,257,9.3,4.6,Rosebery Neighbourhood Centre,"8 Agnes St, ROSEBERY 7470",-41.779832,145.539126,Murchison,West Coast
Sassafras,Braddon,11,305,3.6,0.2,Sassafras Primary School,"50 School Rd, SASSAFRAS 7307",-41.2871,146.503,Mersey,Latrobe
Shorewell Park,Braddon,51,711,7.2,0.7,Hellyer College,"41-43 Mooreville Rd, SHOREWELL PARK 7320",-41.06128,145.88153,Murchison,Burnie City
Sisters Beach,Braddon,18,241,7.5,-3.5,Sisters Beach Fire Station,"34 Honeysuckle Ave, SISTERS BEACH 7321",-40.9181,145.565,Murchison,Waratah-Wynyard
Sisters Creek,Braddon,7,99,7.1,-1.5,Myalla Community Centre,"29 Myalla Rd, SISTERS CREEK 7325",-40.964904,145.572884,Murchison,Waratah-Wynyard
Smithton,Braddon,54,1007,5.4,0.2,Smithton Primary School,"27-43 Grant St, SMITHTON 7330",-40.849445,145.116059,Murchison,Circular Head
Somerset,Braddon,70,1200,5.8,1.4,Somerset Primary School,"30A Beaufort St, SOMERSET 7322",-41.038182,145.819344,Murchison,Waratah-Wynyard
South Riana,Braddon,20,197,10.2,3.6,South Riana Hall,"776 South Riana Rd, SOUTH RIANA 7316",-41.2345,145.977,Montgomery,Central Coast
Sprent,Braddon,10,247,4.0,-1.9,Sprent Primary School,"1245 Castra Rd, SPRENT 7315",-41.2627,146.16,Montgomery,Central Coast
Spreyton,Braddon,78,1216,6.4,1.4,Spreyton Primary School,"1 Mersey Main Rd, SPREYTON 7310",-41.21207,146.34434,Mersey,Devonport City
Stanley,Braddon,28,279,10.0,0.7,Stanley Primary School,"28 Pearse St, STANLEY 7331",-40.7603,145.291,Murchison,Circular Head
Stowport,Braddon,11,261,4.2,-2.7,Stowport Public Hall,"580 Stowport Rd, STOWPORT 7321",-41.1124,145.929,Montgomery,Burnie City
Strahan,Braddon,16,273,5.9,0.8,Strahan Primary School,"2 Bay St, STRAHAN 7468",-42.154043,145.320404,Murchison,West Coast
Sulphur Creek,Braddon,65,780,8.3,0.3,Sulphur Creek Hall,"310 Preservation Dr, SULPHUR CREEK 7316",-41.0935,146.026,Montgomery,Central Coast
Tullah,Braddon,5,87,5.7,-1.0,Tullah Community Hall,"24 Farrell St, TULLAH 7321",-41.737568,145.616076,Murchison,West Coast
Turners Beach,Braddon,69,827,8.3,1.3,Turners Beach Hall,"Henry St, TURNERS BEACH 7315",-41.1589,146.244,Montgomery,Central Coast
Ulverstone Central,Braddon,114,1283,8.9,0.8,Ulverstone Senior Citizens Club,"16 King Edward St, ULVERSTONE 7315",-41.15507,146.171931,Montgomery,Central Coast
Ulverstone East,Braddon,50,753,6.6,-0.6,East Ulverstone Primary School,"18 Crawford St, ULVERSTONE 7315",-41.1546,146.192,Montgomery,Central Coast
Ulverstone South,Braddon,146,1753,8.3,1.5,Ulverstone High School,"38 Leven St, ULVERSTONE 7315",-41.16201,146.17091,Montgomery,Central Coast
Waratah,Braddon,12,117,10.3,-1.9,Waratah Municipal Chambers,"12-14 Smith St, WARATAH 7321",-41.44422,145.5313,Murchison,Waratah-Wynyard
Wesley Vale,Braddon,18,343,5.2,-0.6,Andrews Creek Primary School,"20 Westwind Dr, WESLEY VALE 7307",-41.188828,146.456401,Mersey,Latrobe
West Ulverstone,Braddon,116,1400,8.3,1.9,West Ulverstone Primary School,"34 Maud St, WEST ULVERSTONE 7315",-41.1482,146.16,Montgomery,Central Coast
Wivenhoe,Braddon,20,338,5.9,0.1,Leighland Christian School Brunie Campus,"Hull St, WIVENHOE 7320",-41.0695,145.93556,Montgomery,Burnie City
Wynyard Central,Braddon,104,1547,6.7,1.0,Wynyard Senior Citizens Club Rooms,"28 Jackson St, WYNYARD 7325",-40.9909,145.729,Murchison,Waratah-Wynyard
Wynyard West,Braddon,53,1150,4.6,-0.1,Wynyard High School,"30 Church St, WYNYARD 7325",-40.9867,145.717,Murchison,Waratah-Wynyard
Yolla,Braddon,16,279,5.7,1.9,Yolla District High School,"School Lane, YOLLA 7325",-41.1237,145.719,Murchison,Waratah-Wynyard
Zeehan,Braddon,23,304,7.6,4.4,Zeehan Primary School,"7 Belstead St, ZEEHAN 7469",-41.888,145.34,Murchison,West Coast
Austins Ferry,Clark,128,1445,8.9,3.1,St Virgil's College,"195 Main Rd, AUSTINS FERRY 7011",-42.774487,147.251105,Derwent,Glenorchy City
Battery Point,Clark,213,761,28.0,-0.3,St George's Church Hall,"28 Cromwell St, BATTERY POINT 7004",-42.891559,147.332663,Hobart,Hobart City
Battery Point West,Clark,67,220,30.5,2.0,Albuera Street Primary School,"10A Albuera St, BATTERY POINT 7004",-42.8912,147.326,Hobart,Hobart City
Cascades,Clark,416,903,46.1,-3.4,South Hobart Primary School,"59 Anglesea St, SOUTH HOBART 7004",-42.892494,147.310633,Hobart,Hobart City
Chigwell,Clark,82,1028,8.0,0.6,Chigwell Barn,"10 Bucaan St, CHIGWELL 7011",-42.811194,147.241655,Derwent,Glenorchy City
Claremont,Clark,66,391,16.9,5.9,Claremont College,"61 Claremont Link Rd, CLAREMONT 7011",-42.79416,147.249718,Derwent,Glenorchy City
Collinsvale,Clark,56,336,16.7,-4.4,Collinsvale Primary School,"508 Collinsvale Rd, COLLINSVALE 7012",-42.8367,147.198,Elwick,Glenorchy City
Dynnyrne,Clark,209,803,26.0,-2.7,Princes Street Primary School,"Randall St, SANDY BAY 7005",-42.8984,147.319,Nelson,Hobart City
Fern Tree,Clark,215,472,45.6,2.4,Fern Tree Fire Station,"7 Summerleas Rd, FERN TREE 7054",-42.923248,147.260441,Hobart,Hobart City
Glenorchy,Clark,268,2207,12.1,1.4,Glenorchy Primary School,"Kensington St, GLENORCHY 7010",-42.832391,147.266343,Elwick,Glenorchy City
Glenorchy Central,Clark,123,665,18.5,4.7,MyState Bank Arena (Derwent Room),"601 Brooker Hwy, GLENORCHY 7010",-42.82426,147.282722,Elwick,Glenorchy City
Goodwood,Clark,59,355,16.6,6.2,Goodwood Primary School,"Elmsleigh Rd, MOONAH 7009",-42.831689,147.293744,Elwick,Glenorchy City
Hobart City,Clark,298,751,39.7,-0.5,Hobart City Hall,"57-63 Macquarie St, HOBART 7000",-42.880478,147.331554,Hobart,Hobart City
Lenah Valley,Clark,507,2092,24.2,1.7,Lenah Valley Primary School,"11 Creek Rd, LENAH VALLEY 7008",-42.8612,147.29,Elwick,Hobart City
Lower Sandy Bay,Clark,141,794,17.8,-1.3,Sandy Bay Infant School,"568 Sandy Bay Rd, SANDY BAY 7005",-42.909594,147.34935,Nelson,Hobart City
Merton,Clark,214,1448,14.8,3.2,Tolosa Hall,"148 Tolosa St, GLENORCHY 7010",-42.8455,147.265,Elwick,Glenorchy City
Moonah,Clark,228,1153,19.8,0.3,Moonah Community Centre,"7 Gormanston Rd, MOONAH 7009",-42.846325,147.299722,Elwick,Glenorchy City
Moonah East,Clark,303,1525,19.9,2.5,Bowen Road Primary School,"35 Bowen Rd, MOONAH 7009",-42.8474,147.308,Elwick,Glenorchy City
Moonah North,Clark,300,1317,22.8,5.2,Moonah Primary School,"40 Derwent Park Rd, MOONAH 7009",-42.838,147.296,Elwick,Glenorchy City
Mount Nelson,Clark,293,1125,26.0,0.5,Mt Nelson Primary School,"388 Nelson Rd, MOUNT NELSON 7007",-42.9136,147.323,Nelson,Hobart City
Mount Stuart,Clark,226,806,28.0,1.7,Mt Stuart Primary School,"106 Gillon Cres, MOUNT STUART 7000",-42.875,147.299,Hobart,Hobart City
New Town,Clark,176,671,26.2,-2.6,The Friends’ School,"395 Argyle St, NORTH HOBART 7000",-42.867,147.316,Hobart,Hobart City
New Town West,Clark,367,1571,23.4,1.4,Sacred Heart College,"67 Clare St, NEW TOWN 7008",-42.8615,147.304,Hobart,Hobart City
North Hobart Central,Clark,452,1290,35.0,0.8,Hobart North Uniting Church,"2 Swan St, NORTH HOBART 7000",-42.8728,147.314,Hobart,Hobart City
Roseneath,Clark,72,859,8.4,0.6,Austins Ferry Primary School,"13 Brodie St, CLAREMONT 7011",-42.78618,147.240549,Derwent,Glenorchy City
Rosetta,Clark,74,566,13.1,-4.2,Rosetta Primary School,"32 Riverview Pde, ROSETTA 7010",-42.821437,147.258738,Elwick,Glenorchy City
Sandy Bay,Clark,310,1255,24.7,4.6,Wellspring Anglican Church Hall,"43 Grosvenor St, SANDY BAY 7005",-42.8992,147.327,Nelson,Hobart City
Sandy Bay Beach,Clark,91,653,13.9,0.8,Harold Gregg Centre,"1 Southerwood Dr, SANDY BAY 7005",-42.9138,147.355,Nelson,Hobart City
South Hobart,Clark,480,1190,40.3,2.1,St Francis Xavier's Church Hall,"34 Anglesea St, SOUTH HOBART 7004",-42.8949,147.312,Hobart,Hobart City
Taroona,Clark,432,1159,37.3,-0.9,Taroona Primary School,"104 Channel Hwy, TAROONA 7053",-42.943302,147.352737,Nelson,Hobart City
Waimea Heights,Clark,167,830,20.1,2.8,Waimea Heights Primary School,"12 Balfour Ct, SANDY BAY 7005",-42.909011,147.33674,Nelson,Hobart City
West Hobart,Clark,129,402,32.1,-0.5,St Peter's Hall,"Cnr Brisbane/Harrington Sts, HOBART 7000",-42.881458,147.320654,Hobart,Hobart City
West Hobart Central,Clark,480,1466,32.7,0.3,Lansdowne Crescent Primary School,"15 Gourlay St, WEST HOBART 7000",-42.8819,147.309,Hobart,Hobart City
West Hobart South,Clark,383,930,41.2,3.5,Goulburn Street Primary School,"Forest Rd, WEST HOBART 7000",-42.8878,147.317,Hobart,Hobart City
Windermere,Clark,138,1392,9.9,2.8,Windermere Primary School,"2 Cadbury Rd, CLAREMONT 7011",-42.80013,147.259102,Derwent,Glenorchy City
Adventure Bay,Franklin,27,150,18.0,-8.2,Adventure Bay Hall,"Adventure Bay Rd, ADVENTURE BAY 7150",-43.3458,147.321,Huon,Kingborough
Alonnah,Franklin,50,253,19.8,-15.6,Bruny Island District School,"15 School Rd, ALONNAH 7150",-43.31807,147.244455,Huon,Kingborough
Bellerive,Franklin,237,1524,15.6,-4.2,Bellerive Primary School,"20 Leslie St, BELLERIVE 7018",-42.872974,147.372791,Pembroke,Clarence City
Blackmans Bay,Franklin,211,1068,19.8,-4.9,Blackmans Bay Primary School,"177 Roslyn Ave, BLACKMANS BAY 7052",-42.996938,147.321219,Nelson,Kingborough
Blackmans Bay South,Franklin,164,1004,16.3,-9.0,Illawarra Primary School,"6 Tinderbox Rd, BLACKMANS BAY 7052",-43.00865,147.319378,Huon,Kingborough
Cambridge,Franklin,133,1244,10.7,-5.3,Cambridge Primary School,"976 Cambridge Rd, CAMBRIDGE 7170",-42.8362,147.442,Rumney,Clarence City
Clarence,Franklin,194,1361,14.3,-5.3,Clarence High School,"25 Wentworth St, BELLERIVE 7018",-42.8784,147.389,Pembroke,Clarence City
Clarendon Vale,Franklin,82,887,9.2,0.1,Clarendon Vale Primary School,"25 Mockridge Rd, CLARENDON VALE 7019",-42.8873,147.445,Rumney,Clarence City
Cradoc,Franklin,74,519,14.3,-10.0,Cradoc Park,"8243 Channel Hwy, CRADOC 7109",-43.1064,147.034,Huon,Huon Valley
Cygnet,Franklin,277,1493,18.6,-19.4,Cygnet Sports Centre,"19 Louisa St, CYGNET 7112",-43.158236,147.071378,Huon,Huon Valley
Dover,Franklin,73,637,11.5,-2.0,Dover District High School,"6940 Huon Hwy, DOVER 7117",-43.3105,147.013,Huon,Huon Valley
Geeveston,Franklin,143,1053,13.6,-6.2,Geeveston Primary School,"63 Arve Rd, GEEVESTON 7116",-43.1625,146.922,Huon,Huon Valley
Geilston Bay,Franklin,205,1312,15.6,-2.9,Lindisfarne North Primary School,"271 East Derwent Hwy, GEILSTON BAY 7015",-42.8383,147.349,Pembroke,Clarence City
Glen Huon,Franklin,31,315,9.8,-15.5,Glen Huon Primary School,"801 Glen Huon Rd, GLEN HUON 7109",-43.0278,146.962,Huon,Huon Valley
Howden,Franklin,50,320,15.6,-8.9,Howden Fire Station,"392 Howden Rd, HOWDEN 7054",-43.019128,147.291545,Huon,Kingborough
Howrah,Franklin,244,1908,12.8,-2.0,"Howrah Scout Hall, Howrah Primary School","7 Howrah Rd, HOWRAH 7018",-42.8819,147.404,Pembroke,Clarence City
Huonville,Franklin,263,1794,14.7,-5.9,Huonville Primary School,"74 Wilmot Rd, HUONVILLE 7109",-43.02424,147.044783,Huon,Huon Valley
Judbury,Franklin,43,253,17.0,-3.5,Judbury Hall,"1273 Glen Huon Rd, JUDBURY 7109",-42.9982,146.9283,Huon,Huon Valley
Kettering,Franklin,78,509,15.3,-15.7,Kettering Community Centre,"2963 Channel Hwy, KETTERING 7155",-43.1257,147.247,Huon,Kingborough
Kingston,Franklin,481,2987,16.1,-12.5,Kingborough Community Hub,"7 Goshawk Way, KINGSTON 7050",-42.976944,147.308333,Nelson,Kingborough
Kingston,Franklin,481,2987,16.1,-5.5,Kingborough Community Hub,"7 Goshawk Way, KINGSTON 7050",-42.976944,147.308333,Nelson,Kingborough
Kingston Beach,Franklin,170,812,20.9,-8.2,Kingston Beach Hall,"20 Beach Rd, KINGSTON BEACH 7050",-42.981534,147.323507,Nelson,Kingborough
Kingston Beach,Franklin,170,812,20.9,-6.9,Kingston Beach Hall,"20 Beach Rd, KINGSTON BEACH 7050",-42.981534,147.323507,Nelson,Kingborough
Lauderdale,Franklin,245,1933,12.7,-6.1,Lauderdale Primary Sports Centre,"3 Acton Rd, LAUDERDALE 7021",-42.904254,147.478491,Rumney,Clarence City
Lindisfarne,Franklin,168,1155,14.5,-8.0,Lindisfarne Primary School,"17 Loatta Rd, LINDISFARNE 7015",-42.8519,147.363,Pembroke,Clarence City
Lindisfarne Village,Franklin,217,1367,15.9,-6.0,Lindisfarne Citizens Activities Centre,"37A Lincoln St, LINDISFARNE 7015",-42.847111,147.355308,Pembroke,Clarence City
Maranoa Heights,Franklin,90,793,11.3,-5.7,Southern Christian College,"150 Redwood Rd, KINGSTON 7050",-42.9896,147.309,Nelson,Kingborough
Margate,Franklin,214,1454,14.7,-5.9,Margate Primary School,"7 Van Morey Rd, MARGATE 7054",-43.028671,147.261676,Huon,Kingborough
Middleton,Franklin,30,260,11.5,-17.3,South Channel Community Centre,"25 McDowall St, MIDDLETON 7163",-43.2311,147.256,Huon,Kingborough
Montagu Bay,Franklin,162,937,17.3,-6.0,Montagu Bay Primary School,"10 Conara Rd, MONTAGU BAY 7018",-42.8646,147.353,Pembroke,Clarence City
Mornington,Franklin,98,830,11.8,-2.1,Citywide Baptist Church,"400 Cambridge Rd, MORNINGTON 7018",-42.856351,147.401753,Pembroke,Clarence City
Mountain River,Franklin,90,539,16.7,-8.2,Grove Fire Station,"41 Crabtree Rd, GROVE 7109",-42.976,147.094,Huon,Huon Valley
Ranelagh,Franklin,150,1002,15.0,-7.4,Ranelagh Memorial Hall,"40 Marguerite St, RANELAGH 7109",-43.0086,147.039,Huon,Huon Valley
Risdon Vale,Franklin,115,1255,9.2,0.1,Risdon Vale Primary School,"2 Heather Rd, RISDON VALE 7016",-42.8131,147.354,Rumney,Clarence City
Rokeby,Franklin,98,1180,8.3,0.4,Emmanuel Christian School,"1 Chipmans Rd, ROKEBY 7019",-42.90091,147.438998,Rumney,Clarence City
Sandfly,Franklin,121,688,17.6,-18.0,Sandfly Hall,"811 Sandfly Rd, SANDFLY 7150",-42.985,147.196,Huon,Kingborough
Sandfly,Franklin,121,688,17.6,-12.9,Sandfly Hall,"811 Sandfly Rd, SANDFLY 7150",-42.985,147.196,Huon,Kingborough
Sandford,Franklin,170,1366,12.4,-16.1,Sandford Hall,"949 South Arm Rd, SANDFORD 7020",-42.9402,147.495,Rumney,Clarence City
Seven Mile Beach,Franklin,109,784,13.9,,Ramada Resort By Wyndham Seven Mile Beach,"78 Surf Rd, SEVEN MILE BEACH 7170",-42.8526,147.511,Rumney,Clarence City
Snug,Franklin,163,1010,16.1,-8.8,Snug Primary School,"2208 Channel Hwy, SNUG 7054",-43.0664,147.255,Huon,Kingborough
South Arm,Franklin,88,632,13.9,-18.9,South Arm Primary School,"32 Harmony Lane, SOUTH ARM 7022",-43.0264,147.421,Rumney,Clarence City
Southport,Franklin,33,137,24.1,-0.9,Southport Community Centre,"8606 Huon Hwy, SOUTHPORT 7109",-43.418985,146.959638,Huon,Huon Valley
Tranmere,Franklin,183,1690,10.8,-2.0,Tranmere Hall,"27 Tranmere Rd, HOWRAH 7018",-42.8911,147.409,Pembroke,Clarence City
Warrane,Franklin,65,500,13.0,-1.7,Eastside Lutheran College,"15 Acorn Dr, WARRANE 7018",-42.852,147.385,Pembroke,Clarence City
Woodbridge,Franklin,78,413,18.9,-17.6,Woodbridge Hall,"3445 Channel Hwy, WOODBRIDGE 7162",-43.1601,147.239,Huon,Kingborough
Avoca,Lyons,18,184,9.8,0.2,Avoca War Memorial Hall,"3 Falmouth St, AVOCA 7213",-41.782499,147.719216,McIntyre,Northern Midlands
Bagdad,Lyons,57,758,7.5,1.0,Bagdad Primary School,"46 School Rd, BAGDAD 7030",-42.6249,147.223,Prosser,Southern Midlands
Bicheno,Lyons,116,547,21.2,0.8,Bicheno War Memorial Hall,"78 Burgess St, BICHENO 7215",-41.8743,148.3003,Prosser,Glamorgan-Spring Bay
Bothwell,Lyons,20,297,6.7,3.0,Bothwell Council Chambers,"19 Alexander St, BOTHWELL 7030",-42.3819,147.006,Derwent,Central Highlands
Bracknell,Lyons,32,410,7.8,1.3,Bracknell War Memorial Hall,"Louisa St, BRACKNELL 7302",-41.6512,146.943,McIntyre,Meander Valley
Bridgewater,Lyons,166,1824,9.1,1.0,Brighton Civic Centre,"25 Green Point Rd, BRIDGEWATER 7030",-42.739164,147.243512,Derwent,Brighton
Brighton,Lyons,135,1922,7.0,0.6,Brighton Primary School,"27 Downie St, BRIGHTON 7030",-42.6991,147.258,Derwent,Brighton
Broadmarsh,Lyons,23,210,11.0,5.3,Broadmarsh Hall,"1218 Elderslie Rd, BROADMARSH 7030",-42.6567,147.126,Prosser,Southern Midlands
Campania,Lyons,59,575,10.3,2.7,Campania Hall,"45 Reeve St, CAMPANIA 7026",-42.667109,147.421053,Prosser,Southern Midlands
Campbell Town,Lyons,66,632,10.4,3.3,Campbell Town Town Hall,"75 High St, CAMPBELL TOWN 7210",-41.926995,147.494438,Prosser,Northern Midlands
Carrick,Lyons,68,747,9.1,1.3,Carrick Public Hall,"29 Meander Valley Rd, CARRICK 7291",-41.530917,147.011259,McIntyre,Meander Valley
Chudleigh,Lyons,40,265,15.1,-2.0,Chudleigh Memorial Hall,"54 Sorell St, CHUDLEIGH 7304",-41.557239,146.481292,McIntyre,Meander Valley
Claude Road,Lyons,79,303,26.1,8.3,Claude Road Memorial Hall,"787 Claude Rd, CLAUDE ROAD 7306",-41.4343,146.275,Montgomery,Kentish
Colebrook,Lyons,14,180,7.8,-0.6,Colebrook Memorial Hall,"45 Richmond St, COLEBROOK 7027",-42.533165,147.362604,Prosser,Southern Midlands
Coles Bay,Lyons,50,150,33.3,4.6,Coles Bay Community Hall,"60 Harold St, COLES BAY 7215",-42.1249,148.286,Prosser,Glamorgan-Spring Bay
Copping,Lyons,64,215,29.8,5.3,Copping Hall,"69 Allanby St, COPPING 7174",-42.819982,147.802747,Prosser,Sorell
Cressy,Lyons,41,639,6.4,1.4,Cressy Community Hall,"67 Main St, CRESSY 7302",-41.685476,147.080745,McIntyre,Northern Midlands
Deloraine,Lyons,339,1604,21.1,3.9,Deloraine High School Hall,"East Barrack St, DELORAINE 7304",-41.52917,146.66111,McIntyre,Meander Valley
Dodges Ferry,Lyons,463,1427,32.4,5.3,Dodges Ferry Community Recreation Centre,"532 Old Forcett Rd, DODGES FERRY 7173",-42.8485,147.624,Prosser,Sorell
Dromedary,Lyons,46,333,13.8,3.7,Dromedary (Millvale) Community Hall,"14 Millvale Rd, DROMEDARY 7030",-42.7282,147.179,Derwent,Brighton
Dunalley,Lyons,80,322,24.8,5.8,Dunalley Community Hall,"5 Franklin St, DUNALLEY 7177",-42.887008,147.812638,Prosser,Sorell
Elizabeth Town,Lyons,35,241,14.5,2.1,Elizabeth Town Fire Station,"5816 Bass Hwy, ELIZABETH TOWN 7304",-41.461865,146.563813,McIntyre,Meander Valley
Epping,Lyons,8,123,6.5,1.9,Epping Forest Public Hall,"13515 Midland Hwy, EPPING FOREST 7211",-41.758076,147.349062,McIntyre,Northern Midlands
Evandale,Lyons,115,815,14.1,2.0,Evandale Primary School,"5-11 Barclay St, EVANDALE 7212",-41.5672,147.247,McIntyre,Northern Midlands
Fingal,Lyons,16,237,6.8,-3.0,Fingal Neighbourhood House,"20 Talbot St, FINGAL 7214",-41.638599,147.970926,McIntyre,Break O'Day
Gagebrook,Lyons,57,752,7.6,0.9,Gagebrook Primary School,"4 Tottenham Rd, GAGEBROOK 7030",-42.7488,147.276,Derwent,Brighton
Glenora,Lyons,31,233,13.3,4.7,Glenora District High School,"620 Gordon River Rd, GLENORA 7140",-42.6969,146.889,Derwent,Derwent Valley
Granton,Lyons,25,308,8.1,0.7,Granton Memorial Hall,"1 Lyell Hwy, GRANTON 7030",-42.7498,147.224,Derwent,Derwent Valley
Hadspen,Lyons,96,1170,8.2,1.9,Hadspen Uniting Church Centre,"47 Main St, HADSPEN 7290",-41.5064,147.064,Launceston,Meander Valley
Hagley,Lyons,28,283,9.9,4.9,Hagley Farm Primary School,"2508 Meander Valley Rd, HAGLEY 7292",-41.526508,146.903129,McIntyre,Meander Valley
Kempton,Lyons,32,330,9.7,7.3,Kempton Council Chambers,"85 Main St, KEMPTON 7030",-42.531821,147.200647,Prosser,Southern Midlands
Lachlan,Lyons,52,392,13.3,-0.9,Lachlan Community Hall,"511 Lachlan Rd, LACHLAN 7140",-42.8304,147.043,Derwent,Derwent Valley
Longford,Lyons,196,1888,10.4,3.9,Longford Primary School,"Catherine & William Sts, LONGFORD 7301",-41.595925,147.116864,McIntyre,Northern Midlands
Lower Barrington,Lyons,63,547,11.5,2.9,Lower Barrington Public Hall,"1027 Sheffield Rd, LOWER BARRINGTON 7306",-41.291,146.291,Montgomery,Kentish
Magra,Lyons,13,417,3.1,-1.2,Magra CWA Building,"377 Back River Rd, MAGRA 7140",-42.7559,147.054,Derwent,Derwent Valley
Meander,Lyons,73,289,25.3,12.7,Meander Hall,"124 Main Rd, MEANDER 7304",-41.65198,146.609993,McIntyre,Meander Valley
Midway Point,Lyons,159,928,17.1,4.5,Midway Point Community Hall,"34 Raynors Rd, MIDWAY POINT 7171",-42.7997,147.533,Rumney,Sorell
Miena,Lyons,23,149,15.4,9.7,Miena Community Centre,"55-57 Cider Gum Rd, MIENA 7030",-41.9937,146.708,Derwent,Central Highlands
Mole Creek,Lyons,33,258,12.8,1.7,Mole Creek Primary School,"4 Caveside Rd, MOLE CREEK 7304",-41.557472,146.406501,McIntyre,Meander Valley
Molesworth,Lyons,55,302,18.2,-0.6,Molesworth Primary School,"540 Molesworth Rd, MOLESWORTH 7140",-42.803676,147.156638,Derwent,Derwent Valley
New Norfolk,Lyons,175,1286,13.6,1.0,New Norfolk Primary School,"8 Pioneer Ave, NEW NORFOLK 7140",-42.7793,147.064,Derwent,Derwent Valley
New Norfolk North,Lyons,80,865,9.2,2.0,Fairview Primary School,"211 Back River Rd, NEW NORFOLK 7140",-42.774251,147.04917,Derwent,Derwent Valley
Nubeena,Lyons,152,628,24.2,-0.9,Tasman Civic Centre,"21 Clarke St, NUBEENA 7184",-43.099706,147.744677,Prosser,Tasman
Oatlands,Lyons,57,647,8.8,0.7,Oatlands District High School,"27 Church St, OATLANDS 7120",-42.301506,147.371821,Prosser,Southern Midlands
Old Beach,Lyons,175,1607,10.9,1.0,Old Beach Community Centre,"86 Jetty Rd, OLD BEACH 7017",-42.77427,147.26576,Rumney,Brighton
Orford,Lyons,67,420,16.0,2.8,Orford Primary School,"35 Charles st, ORFORD 7190",-42.563502,147.87386,Prosser,Glamorgan-Spring Bay
Ouse,Lyons,27,290,9.3,4.2,Ouse Online Centre,"6947 Lyell Hwy, OUSE 7140",-42.485288,146.711018,Derwent,Central Highlands
Perth,Lyons,188,1879,10.0,2.6,Perth Community Centre,"173 Fairtlough St, PERTH 7300",-41.5725,147.173,McIntyre,Northern Midlands
Pontville,Lyons,62,668,9.3,3.1,Pontville Memorial Hall,"244 Brighton Rd, PONTVILLE 7030",-42.687226,147.263469,Prosser,Brighton
Primrose Sands,Lyons,80,419,19.1,4.7,Primrose Sands Community Hall,"570 Primrose Sands Rd, PRIMROSE SANDS 7173",-42.892403,147.671829,Prosser,Sorell
Prospect Vale,Lyons,111,1023,10.9,3.8,Residential Retirement Village Clubrooms,"12 Casino Rise, PROSPECT VALE 7250",-41.4782,147.11,Launceston,Meander Valley
Railton,Lyons,55,579,9.5,1.3,Sheffield School - Railton Campus,"94 Foster St, RAILTON 7305",-41.3526,146.414,McIntyre,Kentish
Richmond,Lyons,138,785,17.6,5.5,Richmond Primary School,"Commercial Rd, RICHMOND 7025",-42.739282,147.437988,Rumney,Clarence City
Ross,Lyons,35,276,12.7,6.5,Ross Town Hall,"12 Bridge St, ROSS 7209",-42.031409,147.492498,Prosser,Northern Midlands
Scamander,Lyons,82,316,25.9,8.4,Scamander Sports Complex,"1 Old Coach Rd, SCAMANDER 7215",-41.454218,148.26009,McIntyre,Break O'Day
Sheffield,Lyons,103,876,11.8,2.0,Sheffield School,"12 Henry St, SHEFFIELD 7306",-41.380689,146.330316,Montgomery,Kentish
Sorell,Lyons,285,1828,15.6,3.8,Sorell Memorial Hall,"47 Cole St, SORELL 7172",-42.780612,147.560628,Prosser,Sorell
St Helens,Lyons,153,783,19.5,4.6,St Helens Memorial Hall,"39 Cecilia St, ST HELENS 7216",-41.322629,148.249351,McIntyre,Break O'Day
St Marys,Lyons,110,448,24.6,4.0,St Marys Community Hall,"23 Main St, ST MARYS 7215",-41.57969,148.18531,McIntyre,Break O'Day
Swansea,Lyons,109,704,15.5,5.2,Swansea Town Hall,"12 Franklin St, SWANSEA 7190",-42.1245,148.077,Prosser,Glamorgan-Spring Bay
Taranna,Lyons,58,254,22.8,-2.8,Tasman Community Centre,"33 Amy St, TARANNA 7180",-43.038061,147.866748,Prosser,Tasman
Tea Tree,Lyons,21,257,8.2,-0.6,Tea Tree Community Hall,"Briar Banks Rd, TEA TREE 7017",-42.689533,147.323592,Prosser,Brighton
Triabunna,Lyons,43,489,8.8,2.0,Triabunna Hall,"3 Vicary St, TRIABUNNA 7190",-42.50822,147.910384,Prosser,Glamorgan-Spring Bay
Tunnack,Lyons,13,198,6.6,1.4,Tunnack Public Hall,"2147 Tunnack Rd, TUNNACK 7120",-42.456521,147.461779,Prosser,Southern Midlands
Westbury,Lyons,199,1198,16.6,5.5,Westbury Town Hall,"26 Lyall St, WESTBURY 7303",-41.528106,146.83102,McIntyre,Meander Valley
Westerway,Lyons,57,317,18.0,-1.1,Westerway Primary School,"1619 Gordon River Rd, WESTERWAY 7140",-42.6775,146.787,Derwent,Derwent Valley
Wilmot,Lyons,50,203,24.6,5.6,Wilmot Memorial Hall,"53 Main St, WILMOT 7310",-41.3864,146.175,Montgomery,Kentish
